Bid,Bcity,Baddress,Bphone,Bname
1,Glubokiy,8 Nevada Way,314-615-5744,Glubokiy Fashion Center
2,Silute,33 Hallows Place,234-385-1315,Silute Outlet
3,Nurmo,46 Macpherson Pass,316-606-9282,Nurmo Outlet
4,Riyom,217 Ridgeway Way,808-445-3644,Riyom Outlet
5,Ngujuran,02 Clemons Center,932-664-8937,Ngujuran Fashion Center
6,Tarragona,8811 Monterey Avenue,703-242-4784,Tarragona Outlet
7,Maofan,8919 Thompson Terrace,464-912-4971,Maofan Outlet
8,Binubusan,667 Stephen Road,512-472-1781,Binubusan Outlet
9,Чегране,13 Glendale Way,531-617-8860,Чегране Fashion Center
10,Banjarjo,607 Westend Pass,926-258-2831,Banjarjo Outlet
11,Tanbu,12 Menomonie Avenue,503-280-1940,Tanbu Fashion Center
12,Krajan Tegalombo,2 Ridgeway Trail,388-365-2696,Krajan Tegalombo Fashion Center
13,Changtu,3903 American Ash Street,294-767-9499,Changtu Gallery
14,Kalá Déndra,4 Northland Junction,258-944-8043,Kalá Déndra Fashion Center
15,Nanshui,163 Sundown Way,926-511-3099,Nanshui Outlet
16,Toledo,07965 Florence Court,705-432-6941,Toledo Mall
17,Yanda Bayo,6358 Melrose Avenue,444-731-6748,Yanda Bayo Fashion Center
18,Kafue,90817 Sullivan Way,955-321-2894,Kafue Outlet
19,Souran,9481 David Circle,215-769-1563,Souran Fashion Center
20,Fastovetskaya,7846 Waubesa Lane,922-954-3354,Fastovetskaya Fashion Center
21,Jindong,2357 Steensland Lane,294-260-8514,Jindong Gallery
22,Sumy,1660 Farwell Park,869-922-3478,Sumy Outlet
23,Simões Filho,31 Garrison Way,253-105-0604,Simões Filho Gallery
24,Tuban,496 Anderson Circle,558-531-9759,Tuban Gallery
25,Yonago,30 Norway Maple Plaza,633-651-5480,Yonago Outlet
26,Essen,3198 Sullivan Trail,153-730-8074,Essen Mall
27,Citatah Kaler,55 Arkansas Point,728-182-3108,Citatah Kaler Gallery
28,Riba de Ave,5170 Prentice Park,205-476-4013,Riba de Ave Mall
29,Punata,6 Linden Road,698-881-3886,Punata Outlet
30,Halamendu,0 Waubesa Crossing,542-602-3003,Halamendu Gallery
31,Bei’an,1800 Riverside Circle,852-181-3798,Bei’an Fashion Center
32,Bang Khon Thi,6 Texas Junction,232-102-3296,Bang Khon Thi Outlet
33,Quimper,39923 Bunting Terrace,262-706-4914,Quimper Gallery
34,Besao,190 Hayes Way,847-730-0423,Besao Mall
35,Aix-les-Bains,1 Myrtle Crossing,765-605-4823,Aix-les-Bains Outlet
36,Yabrūd,3 Service Street,185-240-6993,Yabrūd Outlet
37,Avarua,4577 Milwaukee Pass,434-697-6663,Avarua Gallery
38,Minas de Oro,484 Summerview Street,945-296-4111,Minas de Oro Gallery
39,Jieshui,324 Westend Lane,757-824-3578,Jieshui Gallery
40,Nanyulinxi,60695 Fuller Plaza,913-817-6129,Nanyulinxi Mall
41,Nguru,1 Merchant Junction,377-858-6109,Nguru Outlet
42,Huancapallac,81312 Steensland Trail,632-599-4203,Huancapallac Gallery
43,Kedungbang,832 Forster Way,309-443-4219,Kedungbang Gallery
44,Kinloch,27 Norway Maple Place,756-464-6864,Kinloch Gallery
45,Ravne,03 Crescent Oaks Street,320-279-7635,Ravne Mall
46,Tiztoutine,6 Sundown Park,573-213-3518,Tiztoutine Fashion Center
47,Dayuan,5 Clemons Pass,162-217-4851,Dayuan Fashion Center
48,Jawf al Maqbābah,764 Buena Vista Point,765-985-7415,Jawf al Maqbābah Gallery
49,Santa Maria,3 New Castle Junction,160-795-7636,Santa Maria Gallery
50,Loudi,883 Pankratz Park,722-932-5518,Loudi Gallery
51,Juranalas,45673 Ridgeway Drive,656-293-3948,Juranalas Outlet
52,Suicheng,7 Grayhawk Terrace,645-216-6604,Suicheng Outlet
53,Junkou,024 Bluestem Drive,197-210-7962,Junkou Gallery
54,António Enes,21094 East Parkway,902-236-4467,António Enes Outlet
55,Mboursou Léré,1 Center Parkway,977-941-0127,Mboursou Léré Gallery
56,Várzea Grande,6 Scofield Lane,854-239-6954,Várzea Grande Outlet
57,Oubei,2 Canary Plaza,633-233-5954,Oubei Outlet
58,Sheregesh,080 Anhalt Road,337-272-7728,Sheregesh Fashion Center
59,Kudang,6935 Clyde Gallagher Trail,790-695-7357,Kudang Fashion Center
60,Yamazakichō-nakabirose,08 Evergreen Drive,615-836-7095,Yamazakichō-nakabirose Fashion Center
61,Kafr Qūd,88941 Ludington Hill,840-117-9271,Kafr Qūd Gallery
62,Lijiazui,57 Porter Lane,209-253-7131,Lijiazui Outlet
63,Yangp'yŏng,143 Sloan Crossing,831-930-1395,Yangp'yŏng Fashion Center
64,Wangfu,1 Namekagon Court,153-588-3518,Wangfu Outlet
65,Flandes,9 Schiller Center,470-270-7584,Flandes Fashion Center
66,Nowlamary,5 Barby Crossing,873-334-1166,Nowlamary Mall
67,Leuwipicung,598 Moland Place,247-250-4226,Leuwipicung Gallery
68,Haparanda,84295 Helena Place,319-919-2912,Haparanda Outlet
69,Carnaxide,9 Spohn Hill,226-891-0784,Carnaxide Gallery
70,Malasila,021 Fulton Terrace,873-134-3670,Malasila Mall
71,Xilópolis,3 Surrey Terrace,818-485-6722,Xilópolis Outlet
72,Zavolzh’ye,03 Raven Plaza,665-486-6147,Zavolzh’ye Mall
73,Pelópion,73 Iowa Lane,793-832-9013,Pelópion Fashion Center
74,Kumba,306 Russell Hill,529-703-0281,Kumba Outlet
75,Majagual,62 Riverside Terrace,275-476-8856,Majagual Gallery
76,At Tall al Kabīr,36553 Oak Valley Parkway,765-486-4204,At Tall al Kabīr Fashion Center
77,Puntaru,864 Ilene Terrace,456-994-6719,Puntaru Outlet
78,Sokolniki,30 Randy Alley,725-264-2617,Sokolniki Outlet
79,San Lorenzo,4089 Hovde Center,502-793-3805,San Lorenzo Mall
80,Ojrzeń,27985 Sunbrook Center,708-266-2202,Ojrzeń Gallery
81,Munduk,82463 Hintze Place,164-986-9257,Munduk Outlet
82,Pasaje,3 Meadow Ridge Court,123-983-7108,Pasaje Outlet
83,Jiangwan,72272 Golf Course Trail,633-812-0385,Jiangwan Mall
84,Hetou,1 Summit Lane,580-770-6609,Hetou Fashion Center
85,Takeshiken,01438 Sundown Hill,653-582-0180,Takeshiken Mall
86,Zaniemyśl,15811 Londonderry Circle,393-496-6727,Zaniemyśl Outlet
87,Thủ Thừa,58863 Acker Center,736-108-9144,Thủ Thừa Gallery
88,Pueblo Nuevo,70191 Di Loreto Pass,181-186-1529,Pueblo Nuevo Mall
89,Sjöbo,58751 Jenifer Place,788-592-5306,Sjöbo Outlet
90,Adelaide Mail Centre,80 Browning Trail,381-872-4126,Adelaide Mail Centre Mall
91,Rodhítsa,7495 Judy Junction,952-831-4134,Rodhítsa Mall
92,Masingbi,4479 Hayes Street,820-760-6525,Masingbi Fashion Center
93,La Cocha,4522 Ronald Regan Pass,657-438-2487,La Cocha Mall
94,Rasshevatskaya,5204 Graedel Parkway,446-585-4705,Rasshevatskaya Fashion Center
95,Jiuchi,5169 Carey Plaza,916-371-7567,Jiuchi Mall
96,Miras,6 Russell Alley,405-790-3460,Miras Mall
97,Jiangkou,5 Declaration Center,170-373-4736,Jiangkou Gallery
98,Ballymahon,027 Holy Cross Plaza,941-220-1834,Ballymahon Outlet
99,Dabancheng,8230 Heffernan Alley,477-832-9947,Dabancheng Gallery
100,Miyakonojō,05 Duke Park,106-156-5058,Miyakonojō Fashion Center
101,Suhopolje,94951 5th Hill,746-133-6438,Suhopolje Gallery
102,Matelândia,01725 Marquette Park,479-423-8379,Matelândia Fashion Center
103,Bingawan,582 Bayside Point,921-900-8964,Bingawan Mall
104,Privolzhsk,00 Dexter Lane,510-853-8362,Privolzhsk Gallery
105,Kakamigahara,0 Anhalt Street,352-210-7470,Kakamigahara Fashion Center
106,Otrokovice,424 Havey Road,779-100-8705,Otrokovice Fashion Center
107,Tantou,2 Mesta Center,527-542-9435,Tantou Outlet
108,Gaolong,38 Ronald Regan Drive,715-498-6528,Gaolong Mall
109,Tarhuna,60245 Waywood Plaza,718-641-0454,Tarhuna Fashion Center
110,Zhicheng,189 Tomscot Alley,418-217-5969,Zhicheng Gallery
111,Mesa,2 Chive Trail,602-652-0302,Mesa Outlet
112,Krasne,38 Veith Way,860-550-3957,Krasne Gallery
113,Toshkivka,2 6th Pass,647-763-6661,Toshkivka Fashion Center
114,Baitian,06394 Brown Plaza,280-741-4109,Baitian Mall
115,Berëzovskiy,96993 Pine View Trail,763-783-5704,Berëzovskiy Gallery
116,Henglin,2 Village Road,750-788-1489,Henglin Fashion Center
117,Heqiao,6 Nancy Place,345-321-7730,Heqiao Fashion Center
118,Chynów,413 Miller Court,359-495-6216,Chynów Mall
119,Mashui,29 Macpherson Avenue,277-210-3588,Mashui Mall
120,Gaopu,42 Shasta Center,384-438-8833,Gaopu Fashion Center
121,San Juan del Surutú,82 Havey Junction,415-997-8915,San Juan del Surutú Outlet
122,Cosmópolis,3 Harbort Drive,294-695-0004,Cosmópolis Gallery
123,Lembongan Kawan,66161 Clemons Pass,225-136-4438,Lembongan Kawan Outlet
124,Rosebank,9 Northwestern Alley,987-624-6092,Rosebank Outlet
125,Shanhou,729 Farmco Court,560-976-2672,Shanhou Outlet
126,Syktyvkar,41104 Center Plaza,261-603-1425,Syktyvkar Gallery
127,Longjiang,3 5th Lane,344-490-5658,Longjiang Outlet
128,Krasnyy Kholm,21 Nelson Circle,191-670-3987,Krasnyy Kholm Outlet
129,Houjiagang,17807 Rigney Plaza,929-414-9478,Houjiagang Gallery
130,Shalqīya,0491 Fieldstone Plaza,337-933-8784,Shalqīya Fashion Center
131,Klukeng,75787 International Street,810-256-6641,Klukeng Fashion Center
132,Mâcon,48 Kingsford Park,193-570-8232,Mâcon Gallery
133,Diang,2680 Delladonna Hill,465-288-7169,Diang Gallery
134,Young America,02648 Pennsylvania Parkway,952-537-2055,Young America Gallery
135,Gangmian,036 Merrick Way,405-775-4444,Gangmian Gallery
136,Guernica,71016 Glendale Crossing,241-574-5983,Guernica Outlet
137,Mariscala,3128 Stang Center,248-562-1858,Mariscala Gallery
138,Nelahozeves,43596 Carioca Court,709-854-0089,Nelahozeves Outlet
139,Dukuh,31378 School Terrace,606-370-1135,Dukuh Mall
140,Cidadap,23 Hoffman Plaza,763-925-1551,Cidadap Gallery
141,Dahe,795 Bluestem Trail,762-978-8509,Dahe Gallery
142,London,0 Clemons Avenue,606-726-9062,London Gallery
143,Detik Satu,66 Esker Park,700-478-3095,Detik Satu Fashion Center
144,Mendoza,44 Melby Hill,619-565-3062,Mendoza Mall
145,Shāhpur Chākar,5168 Ruskin Way,540-237-6631,Shāhpur Chākar Fashion Center
146,Mastaiciai,9714 Namekagon Junction,392-427-0420,Mastaiciai Outlet
147,Pinagsibaan,5766 Pennsylvania Lane,881-101-7591,Pinagsibaan Gallery
148,Sutysky,366 Annamark Street,346-363-3003,Sutysky Mall
149,Kurzętnik,4200 Debs Place,336-750-4746,Kurzętnik Mall
150,Arapuey,56987 Anderson Park,288-719-0835,Arapuey Mall
151,Pattani,4585 Basil Circle,641-251-4416,Pattani Gallery
152,Thayetmyo,9 Melby Drive,930-554-9879,Thayetmyo Mall
153,Ansan-si,777 Manufacturers Terrace,195-875-3623,Ansan-si Mall
154,Daxi,966 Corry Terrace,589-810-1545,Daxi Outlet
155,Shetan,392 East Crossing,965-829-3770,Shetan Outlet
156,Türkmenabat,61 Farmco Drive,510-719-7370,Türkmenabat Outlet
157,Dukuhbadag,072 Garrison Lane,565-632-8723,Dukuhbadag Mall
158,Cañasgordas,2646 Pepper Wood Avenue,957-487-6324,Cañasgordas Gallery
159,Mkiriwadjumoi,58 Schurz Road,589-624-4255,Mkiriwadjumoi Fashion Center
160,Villeneuve-lès-Avignon,1151 Florence Junction,254-504-4080,Villeneuve-lès-Avignon Fashion Center
161,Xihanling,270 Forest Run Trail,193-149-4529,Xihanling Gallery
162,Chust Shahri,695 Carberry Parkway,566-980-4055,Chust Shahri Mall
163,Anle,3003 Fair Oaks Center,997-558-4478,Anle Outlet
164,Kyzyl-Oktyabr’skiy,13283 Declaration Road,773-487-2902,Kyzyl-Oktyabr’skiy Gallery
165,Hukou,75762 Pankratz Center,937-732-2678,Hukou Mall
166,Rijeka,8 Mcguire Lane,338-885-1133,Rijeka Gallery
167,20 de Noviembre,1703 Ronald Regan Terrace,351-867-0104,20 de Noviembre Gallery
168,Ipueiras,20 Northridge Lane,506-468-8294,Ipueiras Gallery
169,Moguqi,35060 Cordelia Road,611-938-8357,Moguqi Gallery
170,Tengah,0 Cardinal Plaza,826-782-3653,Tengah Fashion Center
171,Puget-sur-Argens,3586 Charing Cross Avenue,568-356-7689,Puget-sur-Argens Fashion Center
172,Newark,36875 Westend Place,302-180-6170,Newark Mall
173,Novo-Peredelkino,182 Prentice Hill,366-843-9429,Novo-Peredelkino Mall
174,Denver,600 Little Fleur Junction,720-531-2773,Denver Fashion Center
175,Barengkok Hilir,94868 Holy Cross Way,668-589-9414,Barengkok Hilir Outlet
176,Heshan,47 Duke Junction,536-850-5494,Heshan Gallery
177,Tabuc Pontevedra,13 Delladonna Road,141-896-1760,Tabuc Pontevedra Fashion Center
178,Hostavice,8 Aberg Court,473-986-2731,Hostavice Outlet
179,Jankomir,447 Stoughton Hill,283-387-8926,Jankomir Outlet
180,Vales,698 Hovde Parkway,250-712-3558,Vales Gallery
181,Eauripik,0184 Menomonie Plaza,578-331-0230,Eauripik Mall
182,Estelí,82 Rigney Terrace,960-534-5753,Estelí Mall
183,Puutura,60 Jenna Pass,727-840-9927,Puutura Fashion Center
184,Asopía,70 Goodland Crossing,862-713-9492,Asopía Fashion Center
185,Jianqiao,7259 Fieldstone Plaza,363-962-8731,Jianqiao Outlet
186,Owen Sound,3096 East Street,382-854-0407,Owen Sound Outlet
187,Alquerubim,6008 Steensland Lane,390-643-9507,Alquerubim Gallery
188,Calauag,5743 Heffernan Way,760-401-5458,Calauag Outlet
189,Poiares,3991 Messerschmidt Way,440-580-3867,Poiares Mall
190,Taishang,992 Sunnyside Place,514-987-7023,Taishang Gallery
191,Armash,597 Ridge Oak Trail,354-409-7732,Armash Fashion Center
192,Junxi,47194 Grasskamp Drive,331-273-1050,Junxi Gallery
193,Prabuty,04 Barby Point,557-695-1458,Prabuty Fashion Center
194,Qozonketkan,6 Bluestem Lane,684-584-3746,Qozonketkan Gallery
195,Embalse,434 Sutherland Center,204-112-2358,Embalse Fashion Center
196,Jishi,741 Orin Street,395-250-1125,Jishi Fashion Center
197,Bundoran,051 Green Circle,769-251-4109,Bundoran Outlet
198,Bastia,0 Coleman Lane,639-797-0253,Bastia Fashion Center
199,Huangcun,6 Hayes Court,296-845-2670,Huangcun Mall
200,Penanggungan,908 Esker Crossing,735-161-9013,Penanggungan Fashion Center
201,Photharam,5 Burning Wood Lane,641-251-1349,Photharam Fashion Center
202,Düsseldorf,82 Carioca Center,492-832-4052,Düsseldorf Mall
203,Skatepark,88 Lillian Point,374-702-2739,Skatepark Mall
204,Pereira,0 Roth Hill,622-247-9191,Pereira Fashion Center
205,Yong’an,37 Brown Road,490-185-6034,Yong’an Gallery
206,Mjölby,81 Myrtle Alley,680-393-5560,Mjölby Fashion Center
207,Las Cruces,232 Butternut Street,505-559-8844,Las Cruces Outlet
208,Meipu,08 North Center,617-778-2235,Meipu Gallery
209,Mbaké,86012 Weeping Birch Avenue,757-174-0098,Mbaké Gallery
210,Nazca,0 Coolidge Road,543-283-9343,Nazca Outlet
211,Brazzaville,0 Colorado Trail,855-510-5130,Brazzaville Outlet
212,Ust-Kamenogorsk,206 David Alley,201-872-7226,Ust-Kamenogorsk Fashion Center
213,Itaguaçu,69 Pankratz Center,259-683-0241,Itaguaçu Outlet
214,Kista,7422 Bartillon Point,278-483-4800,Kista Gallery
215,Mqabba,4 Elka Circle,100-982-5966,Mqabba Gallery
216,Xilian,95 Grover Street,956-791-7959,Xilian Outlet
217,Praia do Ribatejo,198 Butternut Road,855-977-7387,Praia do Ribatejo Fashion Center
218,Dulce Nombre de Culmí,926 Quincy Trail,945-134-9340,Dulce Nombre de Culmí Fashion Center
219,Qal‘ah-ye Na‘īm,2 Menomonie Parkway,873-224-0570,Qal‘ah-ye Na‘īm Mall
220,Halmstad,42 Fremont Terrace,128-896-6813,Halmstad Outlet
221,Anguera,0681 Comanche Parkway,845-930-3658,Anguera Fashion Center
222,Cortiçóis,90805 Melrose Road,108-335-7624,Cortiçóis Gallery
223,Tampa,66350 Fisk Drive,813-949-3817,Tampa Gallery
224,Outeirô,5669 Annamark Pass,996-698-3353,Outeirô Outlet
225,Karanganyar,46 South Alley,901-458-6115,Karanganyar Gallery
226,Bodzanów,8 Leroy Drive,572-532-5066,Bodzanów Gallery
227,Shaowu,8459 Glendale Pass,833-997-6377,Shaowu Gallery
228,Sujji,67315 East Point,484-936-3993,Sujji Mall
229,Fresno,1633 Nancy Terrace,559-396-3350,Fresno Gallery
230,Jāwā,27 Granby Pass,127-790-6579,Jāwā Fashion Center
231,Kashin,3757 Arrowood Street,177-361-4916,Kashin Fashion Center
232,Leone,9 Evergreen Street,758-609-4132,Leone Outlet
233,Nanniu,973 Ronald Regan Terrace,462-527-0437,Nanniu Mall
234,Paucar,18 Heffernan Alley,971-526-7167,Paucar Fashion Center
235,West Palm Beach,8941 Mariners Cove Court,561-517-9994,West Palm Beach Outlet
236,Pará de Minas,64369 Transport Street,635-477-3487,Pará de Minas Gallery
237,Tögrög,8 Havey Plaza,340-783-3302,Tögrög Mall
238,Dongping,71011 Caliangt Trail,654-989-6072,Dongping Mall
239,Shalushka,03 Pepper Wood Lane,746-897-3170,Shalushka Gallery
240,Dananyu,5630 Jenifer Crossing,381-846-3444,Dananyu Mall
241,Jurh,0925 Independence Road,273-111-6545,Jurh Gallery
242,Ngã Bảy,73457 Kings Avenue,141-457-5048,Ngã Bảy Mall
243,Corcuera,89 Crescent Oaks Way,365-598-1428,Corcuera Outlet
244,Sukhinichi,34 Golf Avenue,286-470-5675,Sukhinichi Outlet
245,Brits,1 Scott Parkway,122-739-7698,Brits Mall
246,Petropavlivka,772 Barby Parkway,253-136-4517,Petropavlivka Fashion Center
247,Simod,60 Sunfield Circle,655-663-4293,Simod Mall
248,Chaguaramas,593 Londonderry Parkway,621-166-6234,Chaguaramas Fashion Center
249,Shal’skiy,4729 Larry Hill,473-647-4983,Shal’skiy Mall
250,Kuidou,13 Dakota Drive,849-759-7936,Kuidou Mall
251,Samagaltay,814 4th Street,206-986-2210,Samagaltay Mall
252,Haduohe,0488 Harbort Street,771-814-8045,Haduohe Mall
253,Fálanna,3 Sommers Terrace,697-306-8417,Fálanna Fashion Center
254,Meipu,67 John Wall Avenue,329-904-6493,Meipu Outlet
255,San Jose,7 Hovde Circle,408-264-4535,San Jose Mall
256,Darmasari,9789 Twin Pines Alley,335-272-5480,Darmasari Mall
257,Huddinge,9 Sheridan Circle,649-313-6742,Huddinge Mall
258,Kotakan Selatan,90 Johnson Crossing,290-944-7907,Kotakan Selatan Fashion Center
259,Ulapes,6 Dryden Circle,656-115-0922,Ulapes Gallery
260,Maykopskoye,44206 Oneill Road,908-923-5753,Maykopskoye Outlet
261,Niños Heroes,1 Gulseth Way,835-892-3219,Niños Heroes Gallery
262,Ibarreta,23076 Glacier Hill Place,649-216-6833,Ibarreta Gallery
263,Petäjävesi,03 Manufacturers Place,184-457-8595,Petäjävesi Outlet
264,Halden,98825 Badeau Plaza,850-123-1121,Halden Mall
265,Yangong,4808 Jackson Park,718-396-5074,Yangong Gallery
266,Orekhovo-Borisovo,2840 Meadow Valley Crossing,737-391-7009,Orekhovo-Borisovo Gallery
267,Ocho Rios,74 Huxley Road,430-279-5310,Ocho Rios Mall
268,Nicosia,2830 Morningstar Pass,868-717-4611,Nicosia Gallery
269,Nikki,815 Lillian Pass,331-721-8956,Nikki Fashion Center
270,Haarlem,5738 Iowa Crossing,659-271-2188,Haarlem Outlet
271,Hołoby,84 Westport Parkway,472-773-9417,Hołoby Fashion Center
272,Cheonan,65 Brown Plaza,757-862-6133,Cheonan Outlet
273,Lousado,0 Northfield Terrace,493-480-6879,Lousado Fashion Center
274,Tarusan,1228 Crownhardt Street,809-270-1030,Tarusan Fashion Center
275,Groningen,2840 Vermont Trail,800-273-1023,Groningen Outlet
276,Milówka,091 Ilene Place,446-413-5437,Milówka Outlet
277,Pagatan,01 Summer Ridge Plaza,957-716-1907,Pagatan Fashion Center
278,Cárdenas,6457 Waubesa Park,168-102-1668,Cárdenas Outlet
279,Los Pinos,40507 Banding Plaza,571-343-3297,Los Pinos Mall
280,Saint-Ambroise,14251 Harper Place,110-367-1676,Saint-Ambroise Mall
281,Mashui,58 Village Green Place,717-311-6322,Mashui Fashion Center
282,Hujirt,36519 Luster Court,906-723-4159,Hujirt Gallery
283,Andongsari,8445 Anhalt Hill,495-541-0215,Andongsari Mall
284,Borovichi,3 3rd Way,835-308-0796,Borovichi Mall
285,La Cruz,25370 Dixon Hill,176-227-3641,La Cruz Fashion Center
286,Silute,3825 Eagan Parkway,297-260-6516,Silute Outlet
287,Kurovskoye,28 Sommers Center,503-835-8947,Kurovskoye Outlet
288,Surgut,9757 Weeping Birch Circle,694-589-3444,Surgut Mall
289,Sísion,53 Eliot Center,495-411-2556,Sísion Gallery
290,Angus,14 Tomscot Point,190-916-7452,Angus Outlet
291,Kertayuga,96 7th Trail,226-759-8598,Kertayuga Fashion Center
292,Jaroměřice,101 Riverside Drive,243-531-6145,Jaroměřice Mall
293,Taquara,3 Rieder Court,840-935-0401,Taquara Fashion Center
294,La Gloria,688 Gerald Circle,469-430-7055,La Gloria Gallery
295,Bilaran,236 Gina Alley,997-915-3560,Bilaran Mall
296,Nurabelen,44149 Vermont Drive,380-209-1573,Nurabelen Fashion Center
297,Fukou,1809 Elka Street,516-857-7158,Fukou Mall
298,Querecotillo,34657 Hanson Parkway,365-624-6587,Querecotillo Fashion Center
299,Shigutang,38938 Declaration Terrace,790-881-7240,Shigutang Mall
300,Hullo,0005 Katie Terrace,825-427-7192,Hullo Outlet
301,Chico,4 Truax Park,916-440-2748,Chico Fashion Center
302,Buenavista,0590 Jenna Avenue,801-382-3908,Buenavista Outlet
303,San Ignacio,83 Hoard Point,566-997-5202,San Ignacio Mall
304,Charleston,8476 Green Point,304-778-3709,Charleston Gallery
305,Jabłonica Polska,816 Grim Plaza,112-937-7360,Jabłonica Polska Outlet
306,Hadyach,8110 Continental Trail,190-780-3915,Hadyach Mall
307,Okrika,6872 Harper Court,997-768-5539,Okrika Fashion Center
308,Nong Khae,03632 Reindahl Crossing,113-193-3028,Nong Khae Fashion Center
309,Sampacho,7232 Holmberg Alley,618-440-4995,Sampacho Mall
310,Yaozhou,990 Farragut Way,851-799-1727,Yaozhou Fashion Center
311,Fojo,1999 Parkside Park,294-297-6162,Fojo Outlet
312,El Arenal,473 Hintze Street,356-904-8370,El Arenal Mall
313,Hengjiang,05019 Helena Hill,838-776-7105,Hengjiang Gallery
314,Vilarinho da Castanheira,42387 Bunting Hill,155-295-0760,Vilarinho da Castanheira Outlet
315,Baizhang,29 Mitchell Road,440-628-5643,Baizhang Mall
316,Pojok,63 Moose Lane,339-943-2265,Pojok Mall
317,Zrenjanin,8971 Shelley Plaza,118-312-7829,Zrenjanin Outlet
318,Štěchovice,33756 Mifflin Road,914-581-2765,Štěchovice Gallery
319,Bosen,279 Upham Terrace,871-152-6116,Bosen Outlet
320,Gali,78 Everett Street,521-393-4465,Gali Mall
321,Rasskazovo,5963 Oakridge Pass,141-994-9583,Rasskazovo Fashion Center
322,Serra,51757 Walton Alley,963-556-1583,Serra Mall
323,Kuanfeu,57785 Oak Valley Park,564-589-5328,Kuanfeu Outlet
324,Moratuwa,66316 Prairieview Trail,339-594-2390,Moratuwa Fashion Center
325,Sabnie,077 Roxbury Place,260-605-9700,Sabnie Mall
326,San Antonio,0879 Bluejay Point,963-156-8192,San Antonio Fashion Center
327,Liangwa,29938 Dunning Pass,156-536-9574,Liangwa Outlet
328,Skarbimierz Osiedle,8 Coolidge Court,842-701-7634,Skarbimierz Osiedle Gallery
329,Bureng,3644 Ryan Street,390-215-1851,Bureng Mall
330,Utrecht (stad),8129 Judy Point,319-104-8109,Utrecht (stad) Outlet
331,Songon,95782 Marcy Drive,127-628-4941,Songon Outlet
332,Koźmin Wielkopolski,94541 Johnson Lane,460-228-8971,Koźmin Wielkopolski Fashion Center
333,Jawa,13630 Marquette Junction,143-361-8100,Jawa Outlet
334,Akhtopol,3211 Boyd Terrace,548-230-3853,Akhtopol Fashion Center
335,Novocheboksarsk,29970 Forest Drive,697-182-3917,Novocheboksarsk Outlet
336,Pitogo,03054 Bobwhite Drive,787-964-5948,Pitogo Mall
337,Trá Mhór,5 5th Street,285-185-5801,Trá Mhór Gallery
338,Krajanbaturno,2 Shoshone Terrace,644-459-8467,Krajanbaturno Gallery
339,Fulu,329 Forest Dale Road,137-976-3400,Fulu Outlet
340,Halden,20469 Hagan Center,687-350-4576,Halden Outlet
341,Lewobelek,6 Service Way,294-209-0396,Lewobelek Fashion Center
342,Cikupa,120 Union Crossing,329-534-7475,Cikupa Gallery
343,Wanshi,335 Spohn Junction,422-244-8257,Wanshi Gallery
344,Baghlān,422 Russell Lane,210-130-8827,Baghlān Mall
345,Noshiro,210 Milwaukee Pass,354-202-1350,Noshiro Fashion Center
346,Yuandianhui,600 Sullivan Lane,245-624-8714,Yuandianhui Gallery
347,Viso,499 Delladonna Park,455-399-8562,Viso Fashion Center
348,Jalaud,1461 Bowman Plaza,550-337-7035,Jalaud Mall
349,Karagay,85648 Meadow Ridge Junction,284-639-7480,Karagay Outlet
350,Eksjö,990 Macpherson Alley,299-422-3908,Eksjö Gallery
351,Masons Bay,835 Anderson Court,485-333-5839,Masons Bay Outlet
352,Dzorastan,9 Northview Plaza,750-226-0588,Dzorastan Outlet
353,Krajan Sumberanget,078 Dovetail Circle,343-391-1623,Krajan Sumberanget Fashion Center
354,New Haven,36 American Ash Hill,203-314-0784,New Haven Mall
355,Tānk,374 Lakeland Crossing,549-351-9214,Tānk Fashion Center
356,Kyrylivka,318 Oriole Circle,263-151-6249,Kyrylivka Fashion Center
357,Newton,51 Anzinger Alley,617-954-6585,Newton Outlet
358,Nasielsk,5817 Cherokee Park,940-918-6612,Nasielsk Gallery
359,Notre-Dame-de-l'Île-Perrot,3 Briar Crest Trail,376-179-4740,Notre-Dame-de-l'Île-Perrot Fashion Center
360,Ādaži,88 Pankratz Center,193-542-7262,Ādaži Outlet
361,Przybyszówka,4 Kipling Plaza,539-833-7618,Przybyszówka Gallery
362,Brzozów,82 Kingsford Lane,328-664-3362,Brzozów Fashion Center
363,Vidnoye,9213 Spohn Crossing,986-349-5986,Vidnoye Outlet
364,Ariz,06597 Drewry Place,654-597-4357,Ariz Outlet
365,Sapotskin,3611 Pepper Wood Avenue,599-788-8640,Sapotskin Gallery
366,Tembol,92 Erie Hill,622-414-1475,Tembol Outlet
367,Sredno Konjare,8916 Bluestem Park,299-901-2222,Sredno Konjare Outlet
368,Huangtukuang,46 Morningstar Crossing,382-775-0641,Huangtukuang Fashion Center
369,Ngurensiti,55236 Anniversary Center,625-710-9222,Ngurensiti Fashion Center
370,Bcharré,54 Dennis Circle,990-886-9840,Bcharré Mall
371,Maseru,3 Lillian Point,951-881-0032,Maseru Fashion Center
372,Severo-Zadonsk,325 Veith Lane,405-967-0657,Severo-Zadonsk Outlet
373,Buta,6516 Comanche Hill,399-600-7049,Buta Mall
374,La Paloma,2964 Riverside Crossing,361-228-1200,La Paloma Gallery
375,Ma‘arrat an Nu‘mān,2651 Sycamore Point,251-615-4226,Ma‘arrat an Nu‘mān Mall
376,Suzëmka,64146 Transport Point,259-126-7540,Suzëmka Fashion Center
377,Isyangulovo,8 Clarendon Pass,107-153-8514,Isyangulovo Gallery
378,Zuolan,95869 Pawling Place,127-504-1904,Zuolan Mall
379,Jongorsari,7083 Bunting Junction,142-861-5497,Jongorsari Fashion Center
380,Ostankinskiy,06 Forest Dale Parkway,472-408-1808,Ostankinskiy Mall
381,Al Baqāliţah,9630 Oak Valley Drive,994-545-4939,Al Baqāliţah Fashion Center
382,Catbalogan,566 Towne Plaza,429-264-7251,Catbalogan Fashion Center
383,Ängelholm,98 Brown Alley,898-197-0220,Ängelholm Outlet
384,Zhongbu,218 Little Fleur Lane,374-319-9413,Zhongbu Fashion Center
385,Carpina,078 Derek Alley,660-811-4289,Carpina Mall
386,Trondheim,898 Oak Valley Center,168-171-7136,Trondheim Gallery
387,Chợ Gạo,81 Mosinee Lane,646-656-5508,Chợ Gạo Mall
388,Rivera,42664 Brentwood Park,713-238-1331,Rivera Fashion Center
389,Dhali,6 3rd Junction,479-711-5753,Dhali Mall
390,Vendas de Galizes,46332 Russell Lane,144-617-9965,Vendas de Galizes Fashion Center
391,Khlevnoye,9531 David Lane,390-984-8452,Khlevnoye Fashion Center
392,Liaonan,33832 Loftsgordon Plaza,495-834-6224,Liaonan Gallery
393,Serra D'El Rei,68 Monument Road,736-937-7020,Serra D'El Rei Gallery
394,Šumice,52 Parkside Road,806-204-4628,Šumice Fashion Center
395,Linghu,053 Waywood Alley,159-357-8754,Linghu Fashion Center
396,Dahu,5 Vidon Road,703-432-4341,Dahu Outlet
397,Ecroignard,82 Sugar Trail,892-414-8599,Ecroignard Gallery
398,Igaraçu do Tietê,3707 Northwestern Lane,952-861-4779,Igaraçu do Tietê Mall
399,Thompson,1932 4th Street,207-277-9682,Thompson Fashion Center
400,Tuncheng,03 Schmedeman Terrace,524-834-9673,Tuncheng Outlet
401,Concepción de la Barranca,335 Northview Terrace,130-582-9556,Concepción de la Barranca Fashion Center
402,Ozherel’ye,22778 John Wall Park,562-780-8922,Ozherel’ye Mall
403,Yanjiang,691 Main Pass,368-508-8957,Yanjiang Fashion Center
404,Looc,2 Melody Avenue,699-209-6948,Looc Fashion Center
405,Pajeksan,5 Rieder Center,674-438-4581,Pajeksan Gallery
406,Waina,38927 Nelson Avenue,246-892-2394,Waina Fashion Center
407,Inozemtsevo,3 Stuart Terrace,225-227-3701,Inozemtsevo Outlet
408,Pantai Ceuremen,2 Loomis Avenue,542-475-3198,Pantai Ceuremen Gallery
409,Casma,0 Bashford Crossing,318-331-7785,Casma Mall
410,Thị Trấn Hát Lót,3567 Tomscot Lane,931-216-2592,Thị Trấn Hát Lót Fashion Center
411,Arendal,507 Summer Ridge Pass,802-994-7476,Arendal Outlet
412,Buenavista,3 Old Shore Parkway,662-777-2204,Buenavista Fashion Center
413,Nowa Góra,5137 Vermont Avenue,885-273-2214,Nowa Góra Outlet
414,Mirpur Khas,319 Talmadge Lane,712-657-5554,Mirpur Khas Outlet
415,Talugtug,51321 Drewry Circle,535-815-4480,Talugtug Gallery
416,Zamora,79 East Street,593-119-5668,Zamora Gallery
417,Guijalo,032 Novick Terrace,594-731-6190,Guijalo Fashion Center
418,Tucson,0 Mariners Cove Drive,520-122-0788,Tucson Outlet
419,El’brus,40566 Linden Street,156-506-8801,El’brus Outlet
420,Przyborów,546 Pleasure Pass,107-656-2816,Przyborów Outlet
421,Humniska,06 Sunbrook Trail,720-302-1675,Humniska Gallery
422,Podsineye,6 1st Drive,980-194-7698,Podsineye Gallery
423,Lincheng,5422 Quincy Hill,788-405-7316,Lincheng Mall
424,Cintawana,6652 Del Mar Lane,938-186-0055,Cintawana Gallery
425,Canga’an,58 Myrtle Alley,976-165-0240,Canga’an Mall
426,Niš,58656 Colorado Drive,408-683-4053,Niš Mall
427,Stende,6 Manitowish Center,858-723-0951,Stende Mall
428,Najd al Jumā‘ī,380 Warrior Circle,429-653-4024,Najd al Jumā‘ī Gallery
429,Borisova Griva,73294 Marquette Drive,655-623-2779,Borisova Griva Outlet
430,Corcuera,8590 Main Lane,111-916-7945,Corcuera Fashion Center
431,Gataivai,360 Briar Crest Parkway,590-824-9365,Gataivai Gallery
432,Göteborg,1282 Esch Park,757-638-1072,Göteborg Outlet
433,Emporeío,0 Walton Street,833-136-7380,Emporeío Fashion Center
434,Knyazhichi,0322 Elgar Alley,994-252-1500,Knyazhichi Fashion Center
435,Cigarogol,2 Montana Crossing,321-416-5639,Cigarogol Fashion Center
436,Itabaiana,428 Park Meadow Hill,909-191-1664,Itabaiana Mall
437,General Guido,23089 Marquette Place,399-316-0331,General Guido Gallery
438,San Narciso,4 Jenna Street,700-931-7064,San Narciso Gallery
439,Pruchnik,4 Bunting Alley,152-282-5237,Pruchnik Fashion Center
440,Kacangan Lor,21 Victoria Junction,720-320-3511,Kacangan Lor Fashion Center
441,Bwizibwera,27457 Straubel Trail,131-556-3389,Bwizibwera Fashion Center
442,Clermont-Ferrand,6 Forest Alley,978-677-9518,Clermont-Ferrand Gallery
443,Tuburan,38 Lillian Junction,704-333-9888,Tuburan Gallery
444,Vailoa,04654 Melody Plaza,884-132-0206,Vailoa Gallery
445,Gabao,7528 Sunfield Circle,836-815-3932,Gabao Mall
446,Devon,45364 Hazelcrest Parkway,528-514-8573,Devon Gallery
447,Breda,563 Beilfuss Alley,868-124-1494,Breda Gallery
448,Sandy Bay,400 La Follette Street,943-381-0854,Sandy Bay Outlet
449,Xiaohe,931 Starling Center,629-865-0558,Xiaohe Gallery
450,Złotniki Kujawskie,9 Hauk Junction,391-622-7195,Złotniki Kujawskie Outlet
451,Daveluyville,2 Fieldstone Court,313-261-6476,Daveluyville Mall
452,Lohong,0 Warrior Circle,873-242-9835,Lohong Gallery
453,Bambali,2075 Cherokee Hill,111-133-1141,Bambali Mall
454,Pasłęk,9 Swallow Lane,422-829-4712,Pasłęk Gallery
455,Żarki,3 Marcy Court,308-417-5983,Żarki Gallery
456,Bengtsfors,0892 Caliangt Parkway,940-799-7834,Bengtsfors Outlet
457,Dancheng,00393 Spenser Center,256-472-4039,Dancheng Mall
458,Villa Ocampo,7229 Vernon Crossing,285-177-9832,Villa Ocampo Outlet
459,Cipinang,12023 Blue Bill Park Drive,572-423-5378,Cipinang Fashion Center
460,Ratíškovice,96 Lien Avenue,318-630-4824,Ratíškovice Gallery
461,Glotovka,98 Jenifer Hill,896-823-8886,Glotovka Gallery
462,Rennebu,0 Cordelia Terrace,792-677-9360,Rennebu Outlet
463,Guanting,8005 Havey Street,860-926-6282,Guanting Mall
464,Nanshui,67 Atwood Road,219-329-4898,Nanshui Outlet
465,Quartier Militaire,75524 Wayridge Park,850-160-3102,Quartier Militaire Mall
466,Kalchevaya,3 Shopko Terrace,959-660-2556,Kalchevaya Gallery
467,Guohua,09 Magdeline Point,305-199-3149,Guohua Mall
468,Šabac,3 Vahlen Hill,196-889-7438,Šabac Mall
469,Karanggintung,37557 Corry Way,628-809-7671,Karanggintung Mall
470,Tomaszów Lubelski,4215 Nevada Street,839-690-5298,Tomaszów Lubelski Outlet
471,Qingtang,17050 Esker Lane,499-734-6250,Qingtang Outlet
472,Nyangao,191 Meadow Vale Drive,715-759-6760,Nyangao Outlet
473,Santa Cruz,37 Maywood Lane,723-908-7532,Santa Cruz Fashion Center
474,Primorsko,5 Sycamore Parkway,439-706-4266,Primorsko Fashion Center
475,Jingdu,4123 Mosinee Park,455-886-5879,Jingdu Outlet
476,Cikeper,5 Del Sol Point,355-367-7980,Cikeper Mall
477,Palhais,90041 Butterfield Pass,922-205-1903,Palhais Fashion Center
478,Huangdi,8 Mayfield Way,537-624-6497,Huangdi Fashion Center
479,San Fernando del Valle de Catamarca,62 Moose Road,802-628-7591,San Fernando del Valle de Catamarca Mall
480,Baohe,2 Magdeline Point,370-337-3849,Baohe Mall
481,Eschweiler,5269 Lotheville Place,127-358-2518,Eschweiler Fashion Center
482,Žulová,680 Manley Park,234-870-6495,Žulová Outlet
483,Oyonnax,7 Helena Parkway,516-536-1857,Oyonnax Mall
484,Longquan,128 Annamark Road,280-189-1581,Longquan Fashion Center
485,Armstrong,051 Westerfield Junction,490-235-4415,Armstrong Gallery
486,Nanhe,97463 Veith Avenue,672-709-0905,Nanhe Mall
487,Bang Bon,1 Dayton Hill,219-445-8172,Bang Bon Mall
488,Zhenlai,403 Commercial Crossing,628-254-7063,Zhenlai Mall
489,Rio Bonito,3 Morningstar Avenue,696-863-3166,Rio Bonito Mall
490,Pandi,2 Alpine Place,626-377-1735,Pandi Mall
491,Quetta,52 Eastlawn Point,772-683-7813,Quetta Outlet
492,Xêgar,935 Orin Street,338-409-1953,Xêgar Outlet
493,Javarthushuu,933 Bartelt Center,782-575-6814,Javarthushuu Mall
494,Novalja,268 Bonner Park,438-653-1023,Novalja Fashion Center
495,Cupira,652 Manley Alley,981-870-4977,Cupira Fashion Center
496,Lumil,52 Sauthoff Park,572-547-3423,Lumil Mall
497,Iradan,45818 Bunting Hill,259-798-8514,Iradan Mall
498,Buyende,79045 Browning Park,978-684-4856,Buyende Mall
499,Laiya,076 Lunder Crossing,179-792-8910,Laiya Gallery
500,Soreang,96 Hermina Way,522-177-6502,Soreang Gallery
