eid,gid
5520,1
7601,1
14448,1
10298,1
11746,1
10254,1
8002,1
18559,1
19364,1
5169,1
11327,1
17047,1
5884,1
4891,1
17796,1
13643,1
8685,1
19771,1
1823,2
13889,3
16353,3
7609,3
7607,3
17531,3
16133,3
14344,3
5713,3
10794,3
5765,3
6209,3
8265,3
5230,3
18340,3
8068,3
9947,3
14138,3
7641,3
11375,3
6363,3
8821,3
14453,3
9033,3
11556,3
12959,3
15070,3
8639,3
7935,3
19858,3
12467,3
18541,3
11777,3
17457,3
11460,3
5208,3
9993,3
6214,3
10906,3
5697,3
7511,3
8037,3
8776,3
4815,3
11619,3
11991,3
5209,3
11576,3
8852,3
9542,3
16070,3
18348,3
11167,3
8993,3
8783,3
6909,3
15304,3
5134,3
16893,3
6270,3
8659,3
8272,3
14619,3
13597,3
8575,3
12434,3
16078,3
14675,3
10989,3
7524,3
13096,3
8279,3
9304,3
12660,3
11701,3
10967,3
6223,3
9614,3
6384,3
13618,3
10041,3
12406,3
10220,3
13290,3
9811,3
7580,3
5651,3
8754,3
12029,3
17827,3
9376,3
19918,3
19419,3
15086,3
16631,3
18884,3
13157,4
14998,4
9534,4
15674,4
18033,4
13383,4
8149,4
12995,4
17591,4
10562,4
17182,4
16237,5
11247,5
7056,5
16813,5
6834,5
5334,5
14932,5
18299,5
11591,5
19424,5
16592,5
12944,5
11585,5
4785,5
8853,5
16917,5
10633,5
12189,5
9037,5
12927,5
19044,5
12624,5
15214,5
18014,5
13045,5
5010,5
9285,5
4744,5
8599,5
15533,5
10360,5
9451,5
19144,5
10629,5
19630,5
15192,5
7923,5
19042,5
13266,5
6343,5
15884,5
11895,5
10966,5
13529,5
6370,5
5420,5
7717,5
12535,5
17651,5
18948,5
18636,5
10788,5
5234,5
17248,5
16192,5
10818,5
10692,6
13972,6
9579,6
13960,6
18155,6
19326,6
12791,6
4765,6
7014,6
10115,6
8705,6
14787,6
15827,6
5055,6
14338,6
14835,6
1069,7
583,7
16323,7
3176,7
3112,7
1692,7
1794,7
5539,7
2148,7
15986,7
10185,7
1047,7
7005,7
2565,7
1301,7
66,8
492,8
141,8
122,8
372,8
327,8
225,8
374,8
10652,9
5827,9
12877,9
15998,9
7794,9
11126,9
12838,9
10482,9
9223,9
7111,9
13756,9
16775,9
352,10
322,11
160,12
490,12
117,12
251,12
321,12
299,12
17661,13
5408,13
16877,13
10255,13
8733,13
14863,13
8406,13
17334,14
9202,14
17806,14
14639,14
10337,14
16820,14
11953,14
19932,15
9484,15
19181,15
16940,15
4978,15
14015,15
13499,15
5856,15
12099,15
19227,15
13059,15
13862,15
10712,16
6901,16
18069,16
8957,16
5927,16
6015,16
5882,16
13605,16
19910,16
11686,16
18675,16
5924,16
15624,16
19016,16
17631,16
15504,16
19160,16
14737,16
6628,16
17300,16
8094,16
19581,16
16136,16
10955,16
10840,16
5400,16
18350,16
12808,16
14742,16
19665,16
19944,16
9770,16
13678,16
18133,16
17926,16
13241,16
19536,16
18023,16
19151,16
5298,16
10811,16
15759,16
11031,16
12887,16
7375,16
10595,16
14679,16
15827,16
7727,16
6126,16
17220,16
17323,16
10081,16
5092,16
18226,16
6470,16
16319,16
12846,16
5560,16
8888,16
11033,16
5210,16
8285,16
11720,16
6029,16
13028,16
16413,16
6565,16
17448,16
13768,16
8412,16
13532,16
11911,16
16043,16
17005,16
8499,16
16555,16
18556,16
8169,16
10285,16
15474,16
14582,16
14271,16
15330,16
14909,16
7364,16
16206,16
19270,16
18449,16
6744,16
12303,16
16888,16
11695,16
14162,16
5741,16
11245,16
5829,16
7468,16
16587,16
5279,17
3402,17
7661,17
6141,17
1674,17
4558,17
14569,17
10459,17
16942,17
11045,17
9005,17
18971,17
659,17
13402,17
16471,17
2394,17
13833,17
7722,17
13606,17
7069,17
2800,17
5311,17
10151,17
5727,17
355,17
3243,17
11254,17
15803,17
17612,17
2125,17
13215,17
5668,17
1819,17
720,17
3378,17
1143,17
8565,17
10465,17
17815,17
16267,17
3312,17
1789,17
3414,17
13236,17
10593,17
17831,17
4312,17
7365,17
339,17
394,17
5776,17
7951,17
12722,17
5343,18
9761,18
8517,18
9227,18
10466,18
7215,18
5263,18
9552,18
14066,18
14711,18
13066,18
18281,18
13633,19
17914,19
18247,19
18831,19
15523,19
6623,19
16326,19
8344,19
12335,19
10426,19
18307,19
18691,19
4769,19
10803,19
12258,19
14330,19
5247,19
16065,19
5099,19
436,20
82,20
397,20
51,20
30,20
377,20
211,20
121,20
76,20
376,20
209,20
328,20
166,20
453,20
409,20
12313,21
7155,21
12177,21
16435,21
5897,21
12307,21
11443,21
5380,21
9458,21
14295,21
9014,21
10432,21
9634,21
13784,21
16589,21
17842,21
19773,22
12837,23
17618,24
17624,24
14367,24
14386,24
18979,24
11843,24
8994,24
8512,24
15148,24
6277,24
18256,24
16359,24
11741,24
7374,24
5387,24
9408,24
16417,25
5524,25
7179,25
10936,25
12210,25
10655,25
9573,25
18557,25
11772,25
18442,26
12273,26
5481,26
19215,26
8932,26
8133,26
6358,26
9329,26
12070,26
7739,26
19556,26
14716,26
14828,26
14522,26
18932,26
19960,26
10218,26
13314,26
11675,26
7078,26
8628,26
14058,26
7975,26
11133,26
16775,26
17591,26
4913,26
11599,26
18973,26
5209,26
15938,26
9030,26
8111,26
7883,26
11688,26
8569,26
18529,26
6122,26
12858,26
6661,26
12043,26
10155,26
17686,26
17166,26
6023,26
7632,26
14897,26
12390,26
16729,26
5950,26
8515,26
17531,26
17271,26
14438,26
5306,26
11565,26
8126,26
16023,26
11484,26
9614,26
4780,26
7682,26
6155,26
15913,26
6254,26
4788,26
13430,26
6981,26
13763,26
17602,26
17751,26
9095,26
8753,26
17950,26
8220,26
6956,26
19441,26
8671,27
6860,27
8625,27
10241,27
7413,27
18931,27
11988,27
7468,27
5094,27
7231,27
19889,27
13803,27
19847,27
6510,27
19307,27
18580,27
11058,27
19016,27
16299,27
14927,27
19019,27
14554,27
16968,27
11063,27
12821,27
17005,27
17574,27
15671,27
15250,27
12645,27
6470,27
9854,27
8739,27
6883,27
12000,27
14534,27
12946,27
19447,27
10215,27
9449,27
6578,27
7364,27
11449,27
16783,27
18077,27
11638,27
6029,27
11444,27
18872,27
8355,27
5415,27
13671,27
14938,27
6079,27
18527,27
16119,27
15228,27
10593,27
7886,27
18875,27
10226,27
14172,27
10978,27
5582,27
7018,27
9455,27
9315,27
19291,27
19984,27
17027,27
10381,27
5530,28
13561,28
15031,28
14338,28
5489,28
9212,28
18408,28
19536,28
11031,28
13897,28
18905,28
16875,28
10482,29
14363,29
16133,29
19213,29
16673,29
15304,29
6743,29
6693,30
7242,30
10117,30
15787,30
14124,30
15973,30
10599,30
7589,30
11446,31
9819,32
19622,32
13774,32
5636,32
13270,32
15793,32
12335,32
7917,32
12544,33
10366,33
12434,33
19815,33
17807,33
12078,33
10113,33
17224,33
6422,33
4842,33
16318,33
15945,33
19739,33
17127,33
11439,33
8740,33
11008,33
8039,33
8045,33
6254,33
16127,33
5013,33
10041,33
4883,33
19644,33
12881,33
5315,33
5581,33
12777,33
16295,33
16442,33
15722,33
19033,33
9960,33
18653,33
17370,33
15838,33
7600,33
6508,33
17182,33
18214,33
6255,33
15536,33
7610,33
16122,33
8149,33
18149,33
9777,33
8180,33
15796,33
8755,33
13116,33
8726,33
7001,33
16147,33
16799,33
14421,33
8196,34
8578,34
6744,34
18912,34
15989,34
13792,34
14994,35
19651,35
5046,35
6201,35
6585,35
5802,35
9856,35
5865,35
9477,35
12128,35
16585,35
13661,35
15336,35
13028,35
18099,35
15984,35
10735,35
19511,35
9297,35
5362,35
19710,35
11750,35
18133,35
14303,35
7036,35
5298,35
8760,35
5090,35
11000,35
18580,35
16299,35
9696,35
19971,35
8216,35
10085,35
11915,35
8671,35
19229,35
14634,35
8965,35
11810,35
11724,35
18958,35
18823,35
17341,35
17043,35
16043,35
18905,35
13432,35
9782,35
10676,35
18069,35
13978,35
5274,35
10673,35
19377,35
5893,35
12445,35
16370,36
11486,37
11818,38
6158,39
5945,39
16456,39
16916,39
18908,39
9873,39
9203,39
11903,39
18167,39
18539,39
8044,39
18979,39
15561,39
8970,39
9102,39
14592,39
8561,39
19906,40
1407,40
3274,40
2720,40
13006,40
1196,40
978,40
16646,40
11898,41
8510,41
8255,41
16111,41
9996,41
15479,41
16400,41
17789,41
5448,41
10915,42
11185,42
6026,42
17260,42
10895,42
5652,43
9573,43
6197,43
7428,43
9545,43
9408,43
10424,43
17415,43
18923,43
5455,43
8205,44
5613,44
5679,44
11453,44
8280,44
19904,44
19216,45
6560,45
18987,45
12982,45
4719,45
11110,45
13573,45
8883,45
17453,45
16875,45
7490,45
6259,45
19637,45
13510,45
7431,45
14949,45
7628,45
8196,45
15978,45
6674,45
14060,45
14865,45
16812,45
13867,45
12968,45
12821,45
4765,45
17609,45
16641,45
7278,45
8645,45
18986,45
5817,45
16862,45
12075,45
6844,45
8669,45
18829,45
14554,45
12763,45
9778,45
13916,45
18524,45
11317,45
16319,45
18226,45
12737,45
11559,45
13195,45
15032,45
7362,45
4980,45
11358,45
18319,45
7957,45
5593,45
19093,45
18545,45
14226,45
19315,45
8869,45
10735,45
14417,46
11565,46
5268,46
6981,46
10099,46
6023,46
7687,46
8084,46
13253,46
9596,46
9558,46
5054,46
15980,46
16673,46
4815,46
18124,46
14350,46
11521,46
8126,46
16636,46
1896,47
6657,49
15811,50
3411,50
3920,50
12570,50
15996,50
7863,50
1854,50
7837,50
9537,50
13032,50
7668,50
14176,50
7121,50
3082,50
17446,50
6460,50
13915,50
10416,50
13694,51
11468,52
18606,52
14443,52
13323,52
15258,52
7659,52
9074,52
19018,52
13273,52
19352,52
11220,52
5637,52
5895,52
14656,52
19806,52
14521,52
12908,53
15174,53
12177,53
14295,53
4909,53
17303,53
18726,53
9336,53
18279,53
15404,53
6112,53
19863,53
16435,53
15340,53
8581,53
12855,53
8264,53
13802,54
6327,54
7314,54
1500,54
1371,54
6914,54
10501,54
6831,54
9602,54
10930,54
12214,54
6849,54
1628,54
8888,55
10916,56
7186,56
12546,56
13729,56
16234,56
17327,56
17474,56
18188,56
15309,56
5393,56
8616,56
6491,56
6735,56
8627,56
15308,57
12728,57
7072,57
17731,57
6302,57
18506,57
19613,57
5251,57
6888,57
5899,57
19873,57
8277,57
15503,57
17937,57
9497,57
5196,57
8306,57
13949,59
18368,59
18705,59
5066,59
6275,59
7186,59
6360,59
11918,59
8241,59
9402,59
18490,59
13627,59
1232,60
1806,60
14565,60
1702,60
2525,60
16942,60
1951,60
3312,60
1426,60
2454,60
1636,60
9734,60
1489,60
1547,60
2122,60
1637,60
1443,60
1193,60
1090,60
8469,60
583,60
2033,60
2652,60
1073,60
8011,60
719,60
19576,60
1418,60
1401,60
2702,60
1645,60
18664,60
2023,60
15776,60
2188,60
1847,60
3373,60
1357,60
5920,60
4856,60
11878,60
2651,60
5482,60
795,60
3220,60
1523,60
1737,60
1623,60
3479,60
1918,60
2373,60
670,60
2503,60
1556,60
12765,60
1958,60
1224,60
1726,60
19852,60
13984,60
3498,60
1781,60
2879,60
3002,60
15524,60
2779,60
11044,60
2474,60
2031,60
951,60
2813,60
2635,60
2083,60
549,60
998,60
1875,60
16395,60
2187,60
1242,60
9452,60
3248,60
1117,60
14689,60
874,60
32,61
1207,62
2236,62
2919,62
1124,62
1304,62
2674,62
2396,62
18633,62
11141,62
2815,62
1284,62
2504,62
1402,62
2480,62
12022,62
3247,62
1797,62
13477,62
3040,63
1664,63
1974,63
1814,63
8975,63
913,63
938,63
16721,64
16060,64
10093,64
8804,64
13893,64
5840,64
16814,64
5420,65
1321,66
13212,69
6371,69
9093,69
1074,69
2911,69
785,69
8656,69
9306,69
1055,69
2139,69
1340,69
1715,69
5100,70
14083,72
12564,72
10803,72
16326,72
11817,72
14581,72
10419,72
5677,72
19874,72
18616,72
17439,72
6432,72
9119,72
19541,72
9146,73
19626,74
8357,74
5892,74
3433,74
18461,74
5855,74
16565,74
19648,74
18909,74
17389,74
14998,74
2426,74
14527,74
14500,74
15281,74
11172,74
7959,74
15819,74
17576,74
335,74
8355,75
10610,75
19168,75
13146,75
15835,75
13130,76
11279,76
15655,76
15345,76
19992,76
10242,76
18497,76
11884,76
6343,76
10352,76
19515,76
8750,76
19243,76
16807,76
7435,76
10170,76
7411,76
7901,76
360,77
403,77
234,77
73,77
131,77
124,77
303,77
336,77
373,77
255,77
460,77
16326,80
5511,81
12947,81
5755,81
13741,81
17892,81
18152,81
17442,81
7506,81
12269,85
17728,86
15979,86
11950,86
4806,86
14421,86
7654,86
10283,86
18232,86
9024,86
8992,86
12069,86
16246,86
5890,86
19133,86
9090,86
9201,86
8304,86
10155,86
14401,86
19298,86
19416,87
11873,87
10110,87
15714,87
15489,87
6439,87
10123,87
13316,87
5877,87
18084,87
19290,88
14035,89
15395,90
12678,91
16271,92
17205,93
9932,93
17731,93
18561,93
5077,93
18506,93
7135,93
2994,94
2096,94
1648,94
2931,94
2765,94
1644,94
9858,94
3048,94
692,94
12991,94
7545,94
9988,94
1765,94
15954,96
5571,96
7094,96
4968,96
11106,96
13643,96
14448,96
17971,96
14846,96
8631,96
6593,96
19615,96
15411,96
16664,96
9138,97
11818,97
19993,97
14185,97
10664,97
12545,97
8106,97
11041,97
5277,97
12695,97
11144,97
7725,97
19779,97
18075,97
19584,97
5734,97
7476,97
10968,97
10379,97
16791,97
15662,97
5566,97
10357,97
8736,97
9041,97
7601,97
14488,97
15370,97
14044,97
10822,97
5169,97
17042,97
13830,97
6261,97
5281,97
5001,97
19080,97
6898,97
12038,97
7110,97
10662,97
11205,97
11312,97
15823,97
19296,97
14980,97
19223,97
19484,97
7205,97
14714,97
7027,97
6045,97
5364,97
4776,97
12988,97
8096,97
17504,97
8214,97
6929,97
10741,97
10083,97
9426,97
13162,97
8880,97
10963,97
13086,97
13891,97
13207,97
6225,97
9829,97
6450,97
17083,97
4891,97
17634,97
13888,97
18328,97
12790,97
11882,97
11106,97
9848,97
12459,97
19846,97
13590,97
16708,97
13219,97
9893,97
19250,97
14195,97
11958,97
17410,97
12067,97
5571,97
6921,97
6282,97
15120,97
15729,97
4968,97
18986,98
16264,98
16525,98
6356,98
12716,98
6883,98
7014,98
11110,98
19041,98
11757,98
11888,98
17574,98
15823,100
15370,100
12018,100
5969,100
18585,100
17219,100
14208,100
4721,100
10456,100
10379,100
5843,100
11144,100
16975,100
15662,100
7022,100
12459,101
18796,101
14666,101
9672,101
17634,101
10451,101
16106,101
10917,101
18697,101
12699,101
16791,101
16664,101
13263,101
15370,101
5659,101
8990,102
18359,102
9629,102
12096,102
19166,102
11000,102
17132,103
11811,103
8406,103
10482,103
15265,103
6824,103
11708,103
7223,103
9574,103
7126,103
5377,103
19909,103
19245,103
14138,103
18143,103
17918,103
11177,103
11484,103
7070,103
195,104
268,104
344,104
108,104
205,104
14781,105
531,105
3043,105
3321,105
9343,105
1361,105
906,105
6996,105
2150,105
1575,105
3109,105
2045,105
1484,105
3456,105
7790,105
2319,105
1871,106
6582,106
15299,106
3073,106
2103,106
1475,106
1165,106
5926,106
2404,106
19576,106
2396,106
2360,106
17866,106
16980,106
1038,106
1362,106
3115,106
896,106
2802,106
9317,106
1696,106
1937,106
1944,106
2333,106
9845,106
2292,106
3029,106
9592,106
581,106
844,106
972,106
1012,106
2616,106
5213,106
2150,106
4879,106
2819,106
3298,106
719,106
1435,106
1420,106
16325,106
1610,106
13101,106
1620,106
9809,106
17009,106
704,106
2945,106
1109,106
3063,106
600,106
868,106
1903,106
1533,106
1740,106
924,106
10573,106
16796,106
10005,106
19737,106
2902,106
625,106
19073,106
2817,106
1279,106
2599,106
1991,106
894,106
7075,106
1306,106
3053,106
3272,106
2248,106
19925,106
7266,106
2224,106
10141,106
19543,106
2371,106
2737,106
17893,107
8341,108
18969,108
17683,108
7435,108
12374,108
13410,108
13007,108
8071,108
11970,108
6247,108
14584,108
6370,108
18640,109
11446,109
17806,109
16354,109
14639,109
13788,109
14134,109
7293,109
5430,109
12494,109
12389,109
18121,109
13694,109
13468,109
8497,109
4979,109
6105,109
17339,109
111,110
157,110
398,110
472,110
196,110
462,110
134,110
189,110
329,110
286,110
13,110
20,110
475,110
291,110
152,110
194,110
248,110
22,110
454,110
479,110
17031,111
9711,111
4880,111
19613,111
5587,111
5773,111
17067,111
5580,111
17665,112
14208,112
17533,112
10822,112
10055,112
6390,112
15662,112
16551,112
16708,112
16263,112
6950,112
7022,112
7094,112
4721,112
17737,112
14002,112
12067,112
15055,113
7653,113
7327,113
7590,113
12403,113
13440,113
16337,113
8686,113
15168,113
8941,113
14063,113
11903,113
13559,113
18263,113
12546,113
12716,116
8671,116
8342,116
5256,116
6609,116
17323,116
9282,116
17939,116
13652,116
10840,116
9413,117
19380,117
6305,117
6897,117
17376,117
19014,117
11732,117
12438,117
19478,117
9507,117
7629,117
18398,117
18998,117
18316,117
7871,117
16940,117
14777,118
483,118
16572,118
15469,118
4964,118
2316,118
3720,118
1900,118
7681,118
18905,118
18134,118
17712,118
10447,118
16772,118
18324,118
19874,118
2148,118
6206,118
17674,118
2660,118
17845,118
6864,118
12994,118
13855,118
10862,118
19957,118
2062,118
9722,118
2974,118
1539,118
2482,118
4847,118
5746,118
9533,118
14113,118
18529,118
965,118
9439,118
15012,118
13139,118
1034,118
891,118
7592,118
1822,118
9258,118
13973,118
14874,118
8426,118
2534,118
19888,118
13382,118
6959,118
5420,118
8937,118
19222,118
11661,119
8192,119
8625,119
17118,119
13357,119
8134,119
6013,119
13341,119
10353,119
9553,119
18168,119
6510,119
13360,119
14946,119
16206,119
13395,119
19637,119
19447,119
9181,119
12114,119
9963,119
18450,119
4758,119
6911,119
7413,119
15868,119
15984,119
18556,119
7306,119
7959,119
9535,119
15528,119
13960,119
12973,119
8926,119
16906,119
16913,119
12212,119
11161,119
18933,119
7014,119
15033,119
16555,119
6837,119
11248,119
9978,119
19871,119
15413,119
18524,119
17754,119
18019,119
9292,119
8758,119
7281,119
10474,119
11386,119
9097,119
16875,119
6856,119
16888,119
12899,119
10090,119
5061,119
5893,119
11598,119
7784,119
6544,119
11686,119
12111,119
11211,119
6793,119
17106,119
18759,119
8493,119
8147,119
7415,119
19870,120
19653,120
13106,120
19961,120
7613,120
17857,120
13578,120
12066,120
8229,120
5726,120
19478,120
17799,120
5108,120
15663,120
17915,120
16710,120
15732,120
12912,120
5283,120
10791,120
1654,121
2784,121
2891,121
2243,121
973,121
1246,121
12220,121
15069,121
19812,121
2628,121
1249,121
1816,121
2561,121
16559,122
3935,122
5721,122
17225,122
9801,122
3333,122
5144,122
5293,123
19909,123
15625,123
15824,123
12156,123
15460,123
16815,123
16799,123
13042,123
19486,123
4793,123
5908,123
16497,124
18121,124
13468,124
11446,124
14757,124
6703,124
14134,124
12721,124
15931,124
7207,124
12389,124
15847,124
16354,124
16907,124
12607,124
17334,124
7293,124
13694,124
17612,125
5723,126
17315,126
18566,126
5251,126
14443,126
17907,126
14761,126
10580,126
15408,126
11091,126
11329,126
8772,126
19838,126
14364,126
10874,126
7501,126
9116,126
18575,126
12580,126
8958,126
9932,126
6326,126
14144,126
5192,126
6937,126
6215,126
8742,126
15135,126
15541,126
17974,126
10977,126
18836,126
13231,126
10578,126
9824,126
15737,126
11174,126
16994,126
8504,126
14521,126
15020,126
15594,126
10259,126
8828,126
6053,126
13695,126
10945,126
16042,126
15971,126
10563,126
6949,126
5586,126
12258,126
7802,126
11396,126
9484,126
13227,126
5788,126
7195,126
7085,126
9971,126
6279,126
9761,126
6009,126
18903,126
17308,126
10343,126
13503,126
5032,126
14301,126
12326,126
19070,126
5810,127
402,128
360,128
77,128
208,128
143,128
394,128
3,128
475,128
314,128
6,128
16,128
371,128
296,128
164,129
13414,130
15037,130
16294,130
8155,130
4773,130
18277,130
22,131
475,131
494,131
330,131
374,131
404,131
8,131
450,131
262,131
326,131
156,131
148,131
32,131
65,131
410,131
315,131
56,131
23,131
16,131
295,131
59,131
298,131
160,131
114,131
336,131
146,131
57,131
134,131
113,131
17,131
132,131
78,131
97,131
177,131
81,131
201,131
150,131
64,131
357,131
287,131
66,131
233,131
256,131
423,131
337,131
356,131
194,131
210,131
41,131
306,131
96,131
414,131
477,131
411,131
319,131
375,131
155,131
277,131
296,131
482,131
6261,132
7731,132
19771,132
14185,132
18328,132
19682,132
14666,132
5743,132
13409,132
13086,132
10264,132
19846,132
18585,132
13079,132
17504,132
18377,132
18796,132
9509,133
1087,133
2855,133
1928,133
12377,133
3278,133
1859,133
1665,133
851,133
2908,133
5733,133
2867,133
17064,133
9933,133
3304,133
2796,134
1148,134
10394,134
19576,134
2322,134
543,134
2527,134
2578,134
11045,134
6862,134
13119,134
3132,134
3330,134
984,134
3327,134
2508,134
9400,135
15112,135
18340,135
14740,135
12871,135
16044,135
12801,135
14334,135
9520,135
12340,135
15997,135
7934,135
7842,135
16821,135
12893,135
17993,135
9922,135
18124,135
9090,135
16023,135
10652,135
18381,135
6006,135
5713,135
8068,135
19918,135
11456,135
6384,135
17998,135
16472,135
18244,135
15536,135
11057,135
14311,135
12183,135
12933,135
11832,135
15946,135
11442,135
17221,135
19469,135
12271,135
16952,135
16048,135
19675,135
6750,135
6363,135
15961,135
14832,135
12269,135
10228,135
10330,135
12012,135
17999,135
4883,135
13,137
337,137
254,137
152,137
137,137
35,137
140,137
493,137
9,137
448,137
51,137
73,137
400,137
186,137
12637,139
12676,139
2054,139
1136,139
1151,139
9218,139
1775,139
1202,139
937,139
14872,139
9154,139
1814,139
3018,139
2685,139
6717,139
2718,139
18375,139
12711,141
16942,141
2991,141
2698,141
2899,141
2252,141
1447,141
2628,141
1559,141
17404,141
15677,141
3286,141
951,141
1276,141
6703,142
16354,142
14639,142
8497,142
13694,142
15847,142
7207,142
16820,142
6311,143
13726,143
16766,143
6853,143
19992,143
7433,143
9109,143
10010,143
7561,143
14134,144
18121,144
11771,144
7293,144
4979,144
18640,144
16820,144
12494,144
16907,144
16354,144
9202,144
1066,145
10209,145
1090,145
8277,145
15986,145
17578,145
6935,145
14587,145
16109,145
14483,145
5928,145
6432,145
9823,145
11937,145
10878,145
7573,145
15349,145
13590,145
19275,146
12663,146
325,146
12913,146
16666,146
15391,146
8506,146
6059,146
4581,146
11259,146
6016,146
16877,146
13240,146
2052,146
7164,146
16292,146
13541,146
2273,147
459,147
2796,147
1771,147
8028,147
273,147
8110,147
2075,149
764,149
3209,149
3390,149
19976,149
2003,149
2371,149
1095,149
2538,149
18228,151
18295,152
8497,152
6703,152
14134,152
13694,152
16820,152
6105,152
16820,153
11771,153
13788,153
8174,153
16354,153
18640,153
7822,153
4979,153
17806,153
13694,153
11953,153
8497,153
12389,153
12721,153
12494,153
6703,153
5430,153
17339,153
13473,154
10998,154
12138,154
11500,154
9880,154
15135,154
19870,154
7747,154
18018,154
15503,154
16028,154
17726,155
11248,155
13972,155
5741,155
19165,155
17601,155
19386,155
18043,155
8200,155
18022,155
12318,155
8870,155
10931,155
12105,155
5262,155
12322,155
9493,155
16218,155
15735,155
9167,155
15259,155
6186,155
9442,155
9449,155
14162,155
18675,155
12000,155
12808,155
14969,155
8661,155
5210,155
13800,155
9628,155
8239,155
10250,155
5924,155
12994,155
14779,155
9716,155
10544,155
15889,155
10718,155
12352,155
8785,155
6918,155
5344,155
14115,155
16812,155
19752,155
16755,155
18069,155
15942,155
16535,155
11077,155
6622,155
5207,155
9584,155
15504,155
18389,155
18432,155
6942,155
16999,155
14290,155
16493,155
17144,155
8196,155
7281,155
10593,155
14537,155
12049,155
6093,155
18767,155
10590,155
19686,155
19651,155
7710,155
16156,155
5562,155
5329,155
16319,155
17748,156
11498,156
14485,156
17417,156
6436,156
7894,156
17554,156
6136,156
16346,156
18881,156
16536,156
9634,156
17842,156
7701,156
9336,156
11541,156
18201,156
18618,156
17603,156
13167,156
13266,156
7155,156
17318,156
14254,156
17386,156
6830,156
17583,156
14465,156
7594,156
6858,156
11202,156
11492,156
7848,156
9388,156
5231,156
17270,156
7820,156
8792,156
14431,156
14009,156
15208,156
6030,156
19946,156
10328,156
18496,156
9488,156
14295,156
11733,156
19492,156
5074,156
15295,156
7361,156
10499,156
8581,156
7781,156
5930,156
6062,156
13302,156
16292,156
14916,156
4790,156
7310,156
11024,156
5718,156
19912,156
11797,156
4912,156
16355,156
12588,156
7088,156
8510,156
12507,156
8405,156
15404,156
12107,156
11212,156
14649,156
7973,156
12333,156
11377,156
9910,156
14734,156
7984,156
12458,156
15798,156
18048,156
5345,156
13570,156
14284,156
882,157
14026,157
654,157
1449,157
3369,157
3424,157
1270,157
9665,157
8310,157
996,157
12711,157
2065,157
16079,157
822,157
14891,157
15689,157
664,157
3434,157
17840,157
4852,158
8008,158
11271,158
15927,158
12554,158
18604,158
7816,158
8275,158
11934,158
13526,158
13609,158
8531,158
6772,159
6277,159
7274,159
16083,159
12591,159
15211,159
9515,159
1783,160
13271,161
5708,161
14278,161
13719,161
8909,161
13187,161
18328,161
12790,161
19740,161
5191,161
19584,161
5159,161
10822,161
16370,161
13881,161
6703,162
14639,162
4979,162
13694,162
12607,162
14757,162
16907,162
18295,162
14283,162
12721,162
12389,162
8174,162
7207,162
15847,162
12494,162
8497,162
13788,162
16354,162
13468,163
16354,163
18295,163
11953,163
18121,163
12721,163
15931,163
17806,163
15847,163
8174,163
17334,163
16497,163
16907,163
14134,163
10337,163
12389,163
12607,163
13847,165
6795,165
7477,165
7319,165
18376,165
18703,165
4967,165
7791,165
10150,165
14837,165
6832,165
19573,165
4884,165
18722,165
5543,165
12688,165
5529,166
2659,166
8436,166
2187,166
2593,166
2796,166
1315,166
7220,166
1891,166
1174,166
1239,166
1520,166
13078,166
1535,166
1668,166
9278,166
15075,167
11611,168
7372,169
15364,169
10144,169
15270,169
17468,169
10042,169
12203,169
19873,169
9749,169
7986,169
7640,169
8545,169
18409,169
12816,169
14083,169
18191,169
13514,169
13416,169
6759,171
15987,171
6463,171
17235,171
13932,171
16274,171
9676,171
15021,171
7196,171
7639,171
6228,171
9959,171
18803,171
12199,171
8595,171
13767,171
17526,171
5392,171
9440,171
7638,172
17670,172
12997,172
13782,172
9978,172
18338,172
11296,172
13365,172
10675,172
14249,172
13987,172
5061,172
19270,172
9239,172
8448,172
17579,172
9727,172
13003,172
12937,172
13103,173
13479,173
10010,173
7244,173
7155,173
10536,173
17959,173
8853,173
12578,173
16545,173
11898,173
14305,173
5720,173
7154,173
13745,173
10631,173
12085,173
17595,173
14985,173
10073,173
16655,173
18203,173
6711,173
4971,173
7321,173
4720,173
19808,173
15884,173
12387,173
9458,173
6834,173
12458,173
18729,173
7202,173
8599,173
7423,173
4871,173
13328,173
9771,173
11278,173
15655,173
14597,173
14539,173
6783,173
6136,173
15916,173
11591,173
14762,173
12927,173
7212,173
16244,173
12855,173
12622,173
19042,173
9336,173
15473,173
17603,173
12654,173
16125,173
19091,173
18662,173
5822,173
19512,173
16676,173
19424,173
16651,173
10818,173
16825,173
18948,173
13410,173
19044,173
17039,173
11253,173
12835,173
4855,173
12908,173
18969,173
19641,173
18219,173
16237,173
13128,173
9451,173
8236,173
16892,173
15180,173
9655,173
16128,173
13350,173
7389,173
14738,173
16317,173
10727,173
12811,173
11202,174
13429,174
16766,174
7244,174
13720,174
12218,174
7354,174
13130,174
14487,174
15398,174
15248,174
18555,174
11197,174
11722,174
7834,174
17595,174
11585,174
15849,174
8497,175
16907,175
15847,175
10337,175
13468,175
15931,175
17339,175
5430,175
6105,175
18121,175
17334,175
4979,175
9202,175
7822,175
11953,175
12389,175
7207,175
12607,175
7293,175
2653,176
6976,176
1189,176
17312,176
1998,176
3389,176
17404,176
2223,176
3347,176
5329,178
17084,178
19165,178
5759,178
12097,178
16493,178
5287,178
15504,178
16634,178
12531,178
18394,178
11000,178
14010,178
10699,178
18649,178
11621,178
16187,178
18524,178
18710,178
12699,179
8096,179
16623,179
17083,179
11819,179
6218,179
17634,179
12067,179
19660,179
13643,179
19846,179
17665,179
11844,179
15001,179
11882,179
10532,179
5321,179
17796,179
5520,179
6018,179
10379,179
19289,179
11106,179
15729,179
11640,179
19615,179
19631,179
19080,179
8685,179
19252,179
11818,179
19584,179
18585,179
7758,179
7094,179
12009,179
5112,179
7731,179
8979,179
7265,179
6593,179
18271,179
8106,179
18990,179
16551,179
19026,179
16975,179
13271,179
7645,179
12545,179
12448,179
15120,179
5819,179
6456,179
5659,179
15522,179
8846,179
10968,179
9312,179
9686,179
19996,179
7205,179
7110,179
10254,179
18796,179
12060,179
13263,179
13219,179
9386,179
14278,179
12388,179
6282,179
13518,179
19740,179
12018,179
12790,179
12613,179
5169,179
17867,179
10357,179
10741,179
11312,179
16791,179
9784,179
8356,180
18936,181
15823,181
18697,181
16640,181
14072,181
12954,181
10264,181
8704,181
17504,181
18075,181
5191,181
8679,181
19943,181
2299,182
11188,183
12101,183
4893,183
7237,183
14728,183
8675,183
15876,183
15673,183
18579,183
9450,185
10970,185
14800,185
16378,185
17461,185
12431,185
19335,185
4798,186
17623,187
17549,187
12159,187
17702,187
15782,187
15063,187
9741,187
19909,187
6549,187
16907,188
12389,188
15847,188
7207,188
15931,188
14134,188
8174,188
18121,188
14283,188
18295,188
11446,188
10716,189
7324,189
5743,189
6199,189
1378,189
9467,189
13905,189
429,190
307,190
435,190
194,190
288,190
247,190
184,190
21,190
116,190
26,190
346,190
143,190
16149,191
8080,191
19622,191
13727,191
11762,191
19181,191
10025,191
19133,192
16354,194
12494,194
12389,194
18121,194
15931,194
4979,194
9202,194
17806,194
13468,194
13788,194
14639,194
18295,194
6703,194
11771,194
16497,194
17334,194
10337,194
16820,194
7207,194
8174,194
11953,194
8497,194
6105,194
13694,194
15847,194
12721,194
7293,194
14283,194
14134,194
12607,194
5430,194
14757,194
17339,194
18640,194
16907,194
11446,194
7822,194
11,195
200,195
110,195
132,195
35,195
440,195
497,195
180,195
4,195
363,195
496,195
303,195
96,195
450,195
256,195
378,195
298,195
150,195
341,195
74,195
238,195
254,195
19,195
320,195
114,195
390,195
77,195
105,195
323,195
203,195
188,195
125,195
299,195
345,195
376,195
412,195
473,195
406,195
30,195
262,195
429,195
43,195
189,195
387,195
419,195
141,195
484,195
267,195
119,195
421,195
307,195
293,195
491,195
231,195
81,195
121,195
242,195
418,195
143,195
82,195
272,195
463,195
28,195
492,195
65,195
471,195
300,195
314,195
316,195
250,195
68,195
285,195
449,195
425,195
319,195
207,195
179,195
411,195
172,195
368,195
154,195
321,195
263,195
75,195
357,195
86,195
252,195
116,195
12,195
475,195
72,195
232,195
175,195
115,195
338,195
275,195
8183,196
17551,196
10202,196
19075,196
19918,196
15731,196
14311,196
11041,197
12954,197
7864,197
8631,197
10254,197
9793,197
17219,197
7233,197
19026,197
7758,197
19740,197
5112,197
16293,197
7627,197
13888,197
19289,197
9686,197
17867,197
15160,197
8002,197
18990,197
11312,197
6458,197
16370,197
7916,197
15729,197
18559,197
19252,197
4968,197
14846,197
5321,197
4891,197
17634,197
6396,197
7601,197
18697,197
9893,197
7473,197
10641,197
7312,197
15914,197
10523,197
13405,197
6722,197
18335,197
6178,197
6390,197
6898,197
5707,197
16662,197
7879,197
19080,197
14488,197
7205,197
12521,197
5520,197
19993,197
10773,197
8704,197
17126,197
19996,197
7022,197
12695,199
5743,199
5999,199
6593,199
18135,199
8328,199
9829,199
6898,199
13694,201
4979,201
12607,201
12721,201
16354,201
13468,201
6703,201
17806,201
15847,201
14134,201
18121,201
8497,201
11953,201
17339,201
12494,201
16907,201
11771,201
18295,201
14283,201
16497,201
16820,201
5430,201
14757,201
7207,201
9202,201
12389,201
15931,201
18640,201
7822,201
7293,201
13788,201
10337,201
11446,201
8174,201
6105,201
14639,201
17334,201
19581,203
10856,203
19391,203
7943,203
19651,203
18778,203
17220,203
19229,203
19734,203
9871,203
7061,203
14029,203
13399,203
16373,203
10699,203
15345,204
6853,204
15180,204
14415,204
9910,204
13102,204
11929,204
6732,204
16298,204
8843,204
342,205
97,205
91,205
223,205
10,205
235,205
446,205
473,205
25,205
293,205
386,205
93,205
409,205
485,205
18,205
108,205
231,205
173,205
140,205
15931,206
18295,206
17806,206
16497,206
11953,206
6105,206
14283,206
12494,206
12389,206
14757,206
4979,206
8174,206
16820,206
8497,206
17339,206
11771,206
18640,206
18121,206
6703,206
17334,206
7822,206
9202,206
13468,206
16907,206
13694,206
5430,206
10337,206
7293,206
14639,206
16354,206
13788,206
11446,206
15847,206
12721,206
14134,206
12607,206
7207,206
7185,207
4980,207
16721,207
16904,207
19717,207
14279,207
8571,207
9134,207
10353,207
14683,207
5094,207
10418,207
1177,208
2505,208
4997,208
19359,208
1993,208
17515,208
1393,208
17324,208
5107,208
2765,208
18286,208
15060,208
1401,208
11393,208
707,208
1027,208
1978,208
2940,208
16026,210
8575,210
12952,210
15074,210
5481,210
5973,210
15296,210
16501,210
11469,210
16182,210
19469,210
10983,210
16224,210
19298,210
12915,210
17132,210
17677,210
16070,210
16553,210
12124,210
6056,210
12012,210
11302,210
13330,210
17263,210
9977,210
12185,210
10265,210
18332,210
18895,210
7358,210
12149,210
10691,210
8852,210
15738,210
10080,210
7418,210
16898,210
4969,210
14941,210
14894,210
7039,210
11799,210
14574,210
17766,210
10099,210
6344,210
15272,210
11206,210
7457,210
6004,210
8773,210
8992,210
18653,210
18013,210
8272,210
6394,210
10371,210
14860,210
19075,210
19500,210
7525,210
15622,210
8687,210
5844,210
15546,210
13509,210
15980,210
10194,210
5678,210
10471,210
19672,210
8079,210
13322,210
10910,210
7111,210
14410,210
11816,210
11139,212
16124,212
8241,212
9826,212
14961,212
5992,212
14597,213
7389,213
6136,213
10224,213
16310,213
9954,213
6697,213
4977,213
14921,213
12395,214
15287,215
14653,215
14854,215
12640,215
2951,215
595,215
16962,215
11451,215
14873,215
18227,215
11072,215
12925,215
17670,215
18065,215
16541,215
15956,215
10345,215
4279,215
6278,216
10631,216
6353,216
7820,216
18219,216
11884,216
15340,216
15126,216
12898,216
15709,216
11278,216
11403,216
5514,216
17433,216
16579,216
11760,217
19875,217
889,217
3147,217
1352,217
1402,217
3464,217
1783,217
19652,217
5335,217
545,217
1771,217
1905,217
1288,217
738,217
2722,217
9303,217
2906,217
18989,217
14464,218
5728,218
5318,218
15980,218
18010,218
13751,219
15515,219
2701,219
17460,219
4339,219
11389,219
9943,220
8248,220
12549,220
19615,220
12988,220
7110,220
12545,220
13086,220
5281,220
5707,220
13409,220
12810,220
6593,220
11819,220
55,221
424,221
366,221
297,221
68,221
392,221
259,221
127,221
432,221
447,222
15582,223
8983,223
7689,223
5891,223
1020,223
7871,223
6568,223
10966,223
5069,223
6381,223
19278,223
3431,223
8590,223
10977,223
3092,223
14186,223
12213,223
5277,224
6722,224
16708,224
15522,224
12521,224
18251,224
19140,225
10762,225
15143,225
13026,225
7246,225
13726,225
17688,225
5139,225
11254,225
5059,225
7202,225
12387,225
6292,225
12654,225
7990,225
18203,225
6853,225
18036,225
15449,225
7056,225
8463,225
14597,225
8411,225
10151,225
7212,225
16545,225
18787,225
9479,225
18636,225
15319,225
9233,225
18508,225
8895,225
15956,225
17603,225
18948,225
12797,225
15577,225
16391,225
13711,225
18552,225
19042,225
14092,225
5177,225
5648,225
10790,225
9885,225
16292,225
13090,225
9109,225
11722,225
12907,225
6464,225
15879,225
13853,225
7411,225
7696,225
12339,225
12077,225
19074,225
11625,225
4977,225
15765,225
407,226
219,226
241,226
430,226
324,226
118,226
299,226
6,226
89,226
224,226
146,226
99,226
93,226
405,226
445,226
363,226
417,226
44,226
237,226
11,226
255,226
168,226
3,226
230,226
190,226
244,226
469,226
125,226
328,226
352,226
117,226
292,226
80,226
350,226
418,226
282,226
58,226
126,226
272,226
57,226
108,226
196,226
200,226
268,226
175,226
388,226
133,226
458,226
41,226
72,226
492,226
488,226
90,226
257,226
139,226
496,226
315,226
392,226
285,226
114,226
341,226
136,226
342,226
132,226
253,226
455,226
148,226
331,226
287,226
316,226
380,226
45,226
498,226
102,226
163,226
54,226
384,226
408,226
389,226
382,226
228,226
12,226
59,226
251,226
289,226
276,226
361,226
493,226
211,226
337,226
19659,227
12745,227
1325,227
1528,227
8961,227
3142,227
13183,227
7389,227
8253,227
10781,227
8294,227
11299,227
6542,227
12581,227
13627,227
6626,227
13707,227
18906,227
8814,227
15528,228
13930,228
8399,228
10735,228
9586,228
14569,228
6859,228
11161,228
7324,228
4904,228
16597,228
16921,228
4980,228
12111,228
15378,228
6901,228
14427,230
17976,230
6023,230
16504,230
12088,230
9600,230
4903,230
11233,230
19772,230
8847,230
8362,230
18631,230
19672,230
11008,230
10245,230
12646,230
8820,230
19441,230
13933,230
12137,230
11799,230
11111,230
13955,230
17202,230
10508,230
13126,230
13509,230
13614,230
15990,230
10770,230
9612,230
6214,230
16821,230
19366,230
18079,230
10255,230
8179,230
8629,230
5849,230
12554,230
13442,230
19277,230
15157,230
16912,230
11484,230
5569,230
11431,230
12858,230
19426,230
12475,230
9536,230
19469,230
16959,230
13724,230
19463,230
9624,230
7771,230
13495,230
9661,230
14255,230
15121,230
11059,230
13380,230
12777,230
18390,230
5844,230
13889,230
8724,230
6240,230
16636,230
5306,230
13886,230
14243,230
5765,230
14536,230
19858,230
5957,230
12909,230
15008,230
5588,230
16166,230
7343,230
19491,230
17263,230
9201,230
18821,230
9510,230
12124,230
15964,230
6824,230
13535,230
10405,230
8484,230
9222,230
7269,230
17765,230
15296,230
7001,230
9955,230
12279,233
7900,234
17511,234
8664,234
15520,234
8675,234
12709,234
5599,234
6753,234
11221,234
10548,234
8627,234
6699,234
12529,234
5185,234
8683,234
17760,234
16275,234
12558,234
7242,234
12285,234
7293,235
7822,235
16354,235
17806,235
16497,235
18295,235
4979,235
16907,235
15847,235
9202,235
18121,235
8174,235
14283,235
12721,235
7207,235
10337,235
12607,235
17339,235
12494,235
13202,236
11007,236
5531,236
16186,236
12278,236
9231,236
15489,236
17442,236
18942,236
10895,236
14202,236
16907,237
11771,237
7293,237
9202,237
8174,237
17334,237
13694,237
11446,237
6703,237
7822,237
16820,237
18640,237
14283,237
17806,237
18121,237
18395,238
19336,238
18785,238
19599,238
10491,238
19353,238
12343,238
7242,238
13530,238
16313,238
18576,238
10470,238
9147,238
13899,238
6295,239
15370,239
15914,239
19779,239
12480,239
16708,239
7276,239
11882,239
12545,239
17504,239
6282,239
7233,239
12038,239
6012,239
10664,239
2807,240
5768,240
1291,240
714,240
645,240
525,240
680,240
14257,240
10064,240
3322,240
5435,241
8191,241
17297,241
19491,241
15265,241
16393,241
10240,241
13845,241
12078,241
14453,241
4878,241
13596,241
16911,242
16954,242
8124,242
13580,242
15655,242
2247,243
3004,243
1180,243
910,243
3261,243
1392,243
1310,243
3401,243
1953,243
2625,243
2136,243
6530,244
17332,244
16460,244
17612,244
14100,244
9716,244
19229,244
8059,244
10231,244
8907,244
9938,244
7408,244
13298,244
1666,245
15166,246
8490,246
12529,246
7920,246
15128,246
8183,247
7700,247
18604,247
15607,247
9526,247
14503,247
16318,247
10202,247
19298,247
15616,247
19491,247
9574,247
13763,247
13431,247
11530,247
12357,247
5091,247
16497,248
13788,248
12721,248
17806,248
7207,248
13694,248
14283,248
17334,248
17339,248
15931,248
8497,248
7293,248
18121,248
4979,248
6105,248
11771,248
14639,248
11953,248
9202,248
6703,248
10337,248
11446,248
13468,248
15847,248
14757,248
18295,248
16354,248
18640,248
12389,248
16907,248
16820,248
5430,248
12607,248
14134,248
7822,248
12494,248
8174,248
5819,249
7473,249
19943,249
17737,249
17410,249
9793,249
6012,249
13187,249
11819,249
16551,249
8083,250
279,251
197,251
144,251
392,251
51,251
390,251
328,251
497,251
76,251
169,251
486,251
217,251
11164,252
14248,253
9671,253
89,253
11419,253
5785,253
1594,253
10157,253
14949,253
18016,253
4331,253
11640,253
16004,253
17151,253
18100,253
5718,253
18601,253
7271,254
7651,254
13763,254
9739,254
13964,254
16170,254
11111,254
6209,254
8142,254
11976,254
19350,254
13614,254
7771,254
19945,254
15979,254
13903,254
12251,254
6596,254
13157,254
7626,254
6661,254
18635,254
14748,254
9600,254
17486,254
15536,254
16749,254
16026,254
13756,254
8503,254
18045,254
19366,254
10906,254
10648,254
18318,254
15722,254
4804,254
9542,254
15699,254
16772,254
7873,254
14619,254
11599,254
5935,254
9798,254
19094,254
9852,254
18821,254
9523,254
9614,254
19469,254
12952,254
12893,254
7485,254
17201,255
7774,255
6790,255
12144,255
8827,255
19724,255
18724,255
17205,255
19321,255
14605,256
9458,256
5851,256
4775,256
10437,256
7282,256
12202,256
4720,256
9564,256
8416,256
6353,256
19903,256
17619,256
13450,257
9457,257
14866,257
11185,257
13288,257
9147,257
17777,257
10015,257
7186,257
6652,257
6853,258
15928,258
15046,258
7037,258
6311,258
18552,258
12308,258
6807,258
13410,258
5087,258
7736,258
7950,258
14358,258
5074,258
12855,258
6062,258
17150,258
6449,258
17334,259
8497,260
12607,260
7822,260
13694,260
16820,260
14134,260
4979,261
7668,263
14307,263
11008,263
8198,263
9165,263
18643,263
19672,263
17265,263
8128,263
16070,263
10740,263
17999,263
6252,263
8864,263
6478,263
17463,263
18868,265
18091,265
17574,265
8630,265
8054,265
16927,265
5734,266
13409,266
8909,266
17219,266
4968,266
6282,266
12067,266
18075,266
19026,266
18796,266
14488,266
19712,266
12459,267
12790,267
13830,267
15823,267
5211,267
7302,267
10456,267
11958,267
17083,267
10588,267
4776,267
10641,267
9848,267
4968,267
7276,267
12695,267
7022,267
19136,267
9893,267
14448,267
11221,269
18141,269
15807,269
19876,269
17521,269
18270,269
13689,269
15994,269
7489,269
18938,269
13899,269
13260,269
19982,269
7764,269
7327,269
18935,269
10139,269
14964,269
18994,269
19183,269
10973,269
14065,269
5979,269
13145,269
18923,269
17589,269
10685,269
7385,269
10942,269
8626,269
19882,269
18493,269
10647,269
10599,269
6121,269
5215,269
13827,269
19502,269
5794,269
11741,269
5151,269
8896,269
5755,269
13750,269
7133,269
12024,269
7123,269
17280,269
19017,269
11563,269
4778,269
6620,269
5392,269
6491,269
15557,269
6080,269
17916,269
7464,269
8082,269
15561,269
17955,269
14648,269
9286,269
8616,269
5940,269
9113,269
10909,269
18382,269
13186,269
14346,269
9448,269
15189,269
12282,269
17711,269
5599,269
12404,269
18059,269
4822,269
17181,269
18453,269
12780,269
15896,269
14756,269
17889,269
9859,269
5422,269
10470,269
12431,269
15918,271
5765,271
8305,271
11010,271
17295,271
8139,271
19960,271
5772,272
3037,272
1476,272
579,272
3282,272
1195,272
2563,272
1481,272
17055,272
3388,272
18287,272
731,272
15682,273
9896,273
13061,273
9104,273
14946,273
8125,273
1313,273
16984,273
19985,273
15535,273
7007,273
10849,273
11934,273
18529,273
8946,273
19143,273
12492,273
12684,273
15496,273
453,273
18727,273
11146,273
11290,273
7826,273
19431,273
3982,273
5393,273
17321,273
11120,273
15733,273
8440,273
2890,273
18450,273
9324,273
7230,273
15513,273
16119,273
17922,273
855,273
18502,273
2823,273
1698,273
12079,273
14101,273
4736,273
4337,273
16919,273
5986,273
10925,273
16092,273
2901,273
2216,273
2237,273
14040,273
5456,273
11190,273
10609,274
8721,274
1793,274
2756,274
18126,274
19611,274
18166,274
15542,274
8517,274
13602,274
3906,274
150,274
4288,274
18974,274
12992,275
8789,275
15391,275
11977,275
7398,275
6317,275
18889,275
19227,275
14462,275
7233,276
8679,276
7645,276
19399,276
17634,276
13881,276
18335,276
13888,276
10254,276
19136,276
12720,276
14002,276
13643,276
13405,276
19660,276
6450,276
5281,276
12018,276
19996,276
14278,276
6722,276
6593,276
16374,276
7916,276
5326,276
10968,276
13409,276
13162,276
9848,276
6950,276
12388,276
10920,276
9032,276
19682,276
10298,276
4891,276
18221,276
19296,276
7265,276
19080,276
16664,276
17737,276
11606,276
5999,276
19993,276
19779,276
12695,276
18585,276
16551,276
10641,276
7312,276
6021,276
7094,276
15411,276
17665,276
18407,276
8328,276
8736,276
5734,276
9893,276
14900,276
15954,276
6295,276
13207,276
12038,276
12699,276
13518,276
5819,276
14195,276
7022,276
17504,276
17083,276
6261,276
16791,276
6012,276
18248,276
13236,276
7373,276
8096,276
19712,276
7879,276
14185,276
10664,276
12613,276
12607,277
7293,277
6105,277
13468,277
4979,277
18640,277
13788,277
15931,277
17339,277
6703,277
6577,278
18559,278
1922,278
4002,278
15125,278
9112,278
6263,278
3660,278
9093,278
9139,278
8058,278
6774,278
6913,278
10332,278
11623,278
8239,278
7735,278
4080,278
18464,279
10258,280
16673,280
6214,280
6181,280
9554,280
5678,280
9270,280
6285,280
11123,280
16052,280
15990,280
12294,280
4903,280
6503,280
16118,280
5590,280
14582,281
8804,281
15116,281
17727,281
19398,281
19150,281
15504,281
13678,281
12763,281
17637,281
19112,281
10444,281
11320,281
17659,281
19172,281
8578,281
804,282
973,282
1196,282
2781,282
19184,282
3335,282
524,282
2138,282
2902,282
2874,282
3142,282
3050,282
3428,282
15068,282
2721,282
2988,282
2211,282
1125,282
1986,283
16061,283
6626,283
6585,283
12732,283
11773,283
7816,283
13662,283
17129,283
15628,283
3372,283
4804,283
10577,283
8520,283
13034,283
6164,283
12951,283
8996,283
5517,283
969,283
137,284
52,284
454,284
44,284
440,284
335,284
269,284
389,284
140,284
56,284
190,284
65,284
82,284
495,284
293,284
456,284
438,284
304,284
290,284
498,284
191,284
111,284
198,284
445,284
349,284
414,284
465,284
391,284
283,284
257,284
318,284
337,284
313,284
235,284
174,284
237,284
54,284
466,284
41,284
250,284
61,284
404,284
50,284
196,284
189,284
243,284
30,284
277,284
439,284
152,284
96,284
259,284
124,284
110,284
172,284
446,284
80,284
231,284
369,284
143,284
403,284
265,284
221,284
317,284
448,284
482,284
280,284
462,284
29,284
297,284
73,284
85,284
344,284
132,284
353,284
447,284
15846,285
19240,286
8792,286
12536,286
14467,286
15462,286
6817,286
18787,286
16311,286
10021,286
19630,286
14305,286
13504,286
5739,286
4871,286
10010,286
17145,286
16143,286
18864,286
5353,286
13100,286
16759,287
17974,287
17638,287
10577,287
5960,287
19929,288
10274,288
7634,288
17789,288
8792,288
5044,288
8071,288
15655,288
12077,288
17196,288
15317,288
5502,288
281,289
329,289
199,289
221,289
360,289
2835,290
19096,290
14947,290
2919,290
8477,290
2847,290
670,290
1529,290
1076,290
19506,290
8695,290
7486,290
2846,290
5123,290
3021,290
3278,290
18633,290
12254,290
19954,291
5211,291
12699,291
9342,291
5819,291
11844,291
19399,291
6282,291
12543,291
8631,291
13162,291
18070,291
15411,291
8002,291
6703,293
16907,293
14757,293
16497,293
6105,293
14283,293
12494,293
7207,293
7293,293
11771,293
8497,293
15847,293
13694,293
16820,293
18295,293
11953,293
16354,293
14134,293
17334,293
18640,293
17806,293
13788,293
4979,293
11446,293
7822,293
13468,293
15931,293
9202,293
12607,293
18121,293
17339,293
5430,293
8174,293
12721,293
12389,293
14639,293
10337,293
227,294
4979,295
17141,297
13893,297
11248,297
18088,297
19472,297
5266,297
16970,297
9012,297
9958,299
15944,299
16128,299
12811,299
8622,299
13167,299
13077,299
16766,299
6817,299
13781,299
15956,299
18203,299
4956,299
13615,299
9782,300
8877,300
10353,300
16060,300
9391,300
15444,300
18580,300
5828,300
7762,300
14601,300
5759,300
11815,300
13603,300
18133,300
5256,300
16888,300
15116,300
10437,301
12154,301
12262,301
15319,301
7384,301
13090,301
13151,301
11270,301
11498,301
6849,301
17748,301
10657,301
4966,301
13363,301
11931,301
7391,301
5128,301
221,303
69,303
437,303
257,303
446,303
138,303
424,303
458,303
97,303
397,303
492,303
341,303
258,303
436,303
9,303
211,303
384,303
8,303
352,303
96,303
183,303
44,303
124,303
133,303
286,303
430,303
364,303
18,303
371,303
411,303
462,303
196,303
271,303
26,303
220,303
435,303
210,303
250,303
264,303
60,303
336,303
494,303
428,303
478,303
157,303
361,303
1,303
135,303
401,303
449,303
381,303
41,303
367,303
273,303
35,303
387,303
499,303
75,303
209,303
427,303
311,303
254,303
134,303
242,303
370,303
483,303
426,303
300,303
353,303
34,303
206,303
91,303
453,303
54,303
498,303
113,303
439,303
487,303
360,303
14,303
201,303
187,303
165,303
168,303
180,303
314,303
42,303
164,303
490,303
355,303
473,303
395,303
185,303
444,303
406,303
141,303
153,303
62,303
218,303
9539,304
290,305
369,305
323,305
87,305
403,305
131,305
132,305
111,305
16,305
141,305
472,305
40,305
297,305
331,305
273,305
27,305
483,305
43,305
12988,306
14666,306
9943,306
10451,306
14195,306
18271,306
11342,306
18328,306
12521,306
13236,306
16370,306
8880,306
12038,306
6287,307
17651,307
4966,307
19091,307
8986,307
13504,307
13570,307
7658,307
13302,307
18787,307
14738,307
19244,307
14280,307
17039,307
12835,307
18618,307
16391,307
11253,307
12189,307
9992,307
8154,307
14127,307
8463,307
10352,307
18729,307
6278,307
18333,307
11895,307
9488,307
4746,307
18219,307
15449,307
19319,307
8543,307
8577,307
6504,307
16045,307
4959,307
18068,307
5334,307
19820,307
10161,307
12654,307
8144,307
8638,307
9557,307
9925,307
10079,307
6276,307
17934,307
19480,307
19808,307
15192,307
7772,307
13102,307
5880,307
15533,307
10525,307
12550,307
8858,307
9222,308
17414,309
14804,310
11732,310
19628,310
5867,310
9715,310
14922,310
16691,310
11712,310
9670,310
9144,310
14518,310
15435,310
17650,310
7714,310
116,311
6885,312
13979,312
8718,312
13503,312
6435,312
5646,312
16737,312
9673,312
10464,312
4863,312
13574,312
9394,312
10239,312
6305,312
11762,312
16903,312
14771,312
17426,312
14364,312
9588,312
13235,313
8906,313
5352,313
17858,313
18395,313
5782,313
7472,313
6955,313
16083,313
13336,313
19035,313
7749,313
12939,313
16071,313
15808,313
14424,313
14455,313
12485,313
16130,313
15578,313
15009,313
14367,313
19603,313
6774,313
19204,313
16537,313
6612,313
17913,313
18413,313
7385,313
11830,313
11748,313
16456,313
16616,313
19416,313
17415,313
15262,313
9573,313
6706,313
13361,313
13163,313
8875,313
4749,313
8340,313
9131,313
18539,313
8280,313
11992,313
15057,313
18078,313
15714,313
15933,313
18073,313
15673,314
5256,315
5414,315
10285,315
12696,315
9315,315
13619,315
9137,315
18839,315
5286,315
15863,315
19776,315
19664,315
13517,315
8978,315
11449,315
5530,315
13555,315
11655,316
14661,316
11676,316
14363,316
19500,316
4903,316
9965,316
16964,316
18459,316
12269,316
8012,317
11815,317
11519,317
9314,317
12160,317
18986,317
6093,317
12142,317
1474,318
3041,318
1352,318
3466,318
1301,318
811,318
680,318
2424,318
2937,318
799,318
849,318
9660,318
1718,318
1627,318
3212,318
3169,318
1884,318
554,318
1135,318
1173,318
16191,318
3023,318
1824,318
1589,318
19634,318
1812,318
6573,318
1818,318
1624,318
583,318
1245,318
5879,318
1792,318
1160,318
6976,318
3251,318
2969,318
3155,318
2269,318
1375,318
2093,318
2303,318
2311,318
3160,318
2955,318
3045,318
13040,318
18863,318
3426,318
1394,318
817,318
11944,318
2228,318
2965,318
1484,318
3004,318
10263,318
2201,318
12370,318
1569,318
3313,318
12201,318
1853,318
11218,318
1428,318
997,318
1727,318
640,318
17365,318
1091,318
1885,318
2128,318
14533,318
1205,318
12615,318
1507,318
2320,318
9809,318
1358,318
1516,318
2486,318
561,318
596,318
2419,318
602,318
2456,318
11770,318
1131,318
3453,318
1130,318
10339,318
14170,318
5260,318
18946,318
12415,318
8580,318
2502,318
8658,318
4835,318
2811,318
16009,319
19317,319
16417,319
13330,319
10389,319
3210,319
18414,319
909,319
13174,319
15120,320
8800,321
6821,321
5663,321
13580,321
5237,321
6849,321
18196,321
6343,321
7103,321
11969,321
12927,321
15244,321
9921,321
17256,321
14305,321
13663,323
6012,324
13719,324
6018,324
5191,324
11046,324
5969,324
10773,324
17127,325
19205,325
7607,325
10619,325
15961,325
12434,325
6196,325
8757,325
7608,325
5086,325
6044,325
14789,325
11901,325
13837,325
19547,325
10386,325
19215,325
11521,325
10648,325
19857,325
16334,325
9614,325
7181,325
4828,325
9928,325
19163,325
4852,325
18678,325
17497,325
16991,325
7269,325
16833,325
14767,325
4837,325
5981,325
17999,325
10216,325
15927,325
16170,325
17506,325
4754,325
7600,325
14085,325
8433,325
15797,325
15482,325
10928,325
13609,325
13205,325
15087,325
18825,325
8133,325
5008,325
8343,325
12660,325
16820,327
8174,327
5430,327
13694,327
7822,327
18640,327
16907,327
12389,327
6105,327
4969,329
10348,329
16166,329
14941,329
14038,329
10784,329
10080,329
14536,329
12959,329
18573,329
4979,330
13788,330
8174,330
7293,330
16907,330
13694,330
6105,330
15931,330
12494,330
5438,331
19508,331
7477,331
17413,331
16616,331
19336,331
11745,331
6476,331
12469,331
11992,331
11018,331
18367,331
17819,333
14124,333
15726,333
7522,333
7186,333
6116,333
17791,333
15052,333
6275,333
12558,333
11638,334
15791,336
8718,336
11910,336
13560,336
8552,336
14212,336
17690,336
13416,336
13503,336
7195,336
7025,336
16937,336
11523,336
17060,336
16255,336
17092,336
8384,336
13831,336
10622,336
6858,337
11880,337
16045,337
13159,337
13026,337
9045,337
11432,337
6834,337
17619,337
7212,337
8700,337
13714,338
5535,338
2618,338
14689,338
1851,338
3377,338
944,338
934,338
1714,338
344,341
142,341
90,341
465,341
33,341
17569,342
11287,343
9221,343
16676,343
5822,343
11625,343
16536,343
18668,343
15805,343
16500,343
12907,343
12624,343
4820,343
15319,343
8895,343
12307,343
7861,344
12070,344
19701,344
18950,344
11055,344
8220,344
12893,344
13845,344
13126,344
15957,344
16638,344
7269,345
7686,345
18489,345
19960,345
13042,345
17947,345
6209,345
18982,345
8220,345
10533,345
13126,345
8084,345
14664,345
10471,345
15087,345
11431,345
19739,345
7916,346
18248,346
19989,346
13263,346
8909,346
17219,346
18585,346
10839,346
5708,346
15160,346
5769,346
7094,346
18113,346
10357,346
16664,346
6593,346
18377,346
13162,346
17867,346
16106,347
11205,347
8979,347
17219,347
6012,347
17533,347
15370,347
12720,347
9134,348
6565,350
18378,350
9508,350
7031,350
15989,350
6218,353
10357,353
19993,353
8846,353
17781,353
5884,353
7265,353
7864,353
9041,353
16374,353
5199,353
6067,353
13219,353
10773,353
7627,353
8909,353
7731,353
19808,354
12231,354
15559,354
12855,354
8144,354
14487,354
14718,354
18029,354
17490,354
6062,354
4956,354
17339,355
12494,355
7822,355
7293,355
16354,355
11771,355
11953,355
14639,355
12389,355
18121,355
15847,355
13468,355
6105,355
12607,355
17334,355
8497,355
6703,355
16820,355
5430,355
18640,355
10337,355
17806,355
4979,355
9202,355
11446,355
13788,355
12721,355
16907,355
15931,355
16497,355
14134,355
7207,355
14757,355
14283,355
13694,355
8174,355
18295,355
9815,356
9046,356
5856,356
12744,356
15870,356
17383,356
9171,356
18701,356
5637,356
8229,356
10380,356
17187,356
18998,356
15331,356
14711,356
1754,357
2101,357
2744,357
18822,357
6936,357
916,357
17611,357
13151,358
10678,358
11152,358
12907,358
8402,358
17959,358
19492,358
15935,358
9837,358
11315,358
6857,358
7973,358
9620,358
7696,358
12835,358
6413,358
9925,358
10670,358
13328,358
10159,358
16341,358
7432,358
10170,358
12085,358
12077,358
15874,358
15221,358
9328,358
8159,358
5681,358
5279,358
8333,358
6449,358
10437,358
7981,358
5168,358
19946,358
8236,358
4956,358
16128,358
13245,358
5804,358
11955,358
8577,358
5420,358
8416,358
11931,358
17175,358
17620,358
10037,358
12154,358
13529,358
13745,358
15533,358
7772,358
11212,358
7354,358
7619,358
18726,358
19863,358
7310,358
9458,358
7444,358
8700,358
5333,358
8071,358
11785,358
13026,358
12503,358
14050,358
5783,358
8643,358
14284,358
18415,358
12339,358
15295,358
19515,358
8618,358
17842,358
10242,358
8735,358
6311,358
6276,358
14650,358
10790,358
15425,358
15370,359
11978,359
18377,359
14278,359
7022,359
8096,359
9823,359
9312,359
19682,359
5510,359
5743,359
17665,359
7265,359
9138,359
5520,359
1181,360
10488,360
1355,360
694,360
17273,360
7047,360
15618,360
3021,360
663,360
11863,360
1166,360
632,360
3467,360
15122,360
2779,360
3030,360
17251,360
5807,360
1183,360
3463,360
709,360
2695,360
14552,360
12786,360
5213,360
1575,360
1695,360
2843,360
2714,360
2648,360
1114,360
19737,360
3367,360
12593,360
2098,360
543,360
644,360
2708,360
3288,360
16240,360
16943,360
1173,360
2470,360
2310,360
3369,360
1957,360
2017,360
1233,360
3010,360
12825,360
2003,360
12132,360
3446,360
1610,360
17774,360
881,360
748,360
804,360
2767,360
891,360
2762,360
19849,360
16796,360
13635,360
1403,360
14812,360
3012,360
1077,360
1580,360
12038,361
19996,361
12018,361
15370,361
11342,361
18070,361
10822,361
8846,361
11615,362
8351,362
18421,362
12027,362
17642,362
8210,363
19061,363
11505,363
16037,363
16144,363
5350,363
12283,363
7228,363
8727,363
10386,363
18511,363
19320,363
12390,363
5254,363
8992,363
6430,363
6023,363
8220,363
19909,363
11008,363
19945,363
12532,363
9009,363
18369,363
16277,363
16363,363
11928,363
15674,363
8511,363
19486,363
8698,363
16952,363
11486,363
6909,363
15536,363
10953,363
12443,363
9040,363
8637,363
17278,363
10216,363
17539,363
14244,363
12109,363
7322,363
12660,363
8133,363
19564,363
15616,363
17221,363
6383,363
13549,363
17334,364
16497,364
16907,364
14283,364
12494,364
5430,364
18640,364
8174,364
6703,364
11771,364
8497,364
12389,364
4979,364
13468,364
18295,364
9202,364
13788,364
74,365
287,365
240,365
387,365
284,365
28,365
9,365
327,365
333,365
132,365
7,365
462,365
243,365
122,365
427,365
77,365
496,365
399,365
135,365
15,365
12259,366
5126,366
7936,366
4859,366
7611,366
9239,366
4025,366
16409,366
12251,366
15635,366
10347,366
18295,367
7822,367
14283,367
17806,367
16907,367
15931,367
12607,367
18121,367
7293,367
13468,367
16354,367
17334,367
6703,367
11771,367
5430,367
12494,367
14134,367
12721,367
14639,367
9202,367
8497,367
11446,367
12389,367
16820,367
7207,367
11953,367
13788,367
18640,367
4979,367
17339,367
14757,367
8174,367
10337,367
13694,367
6105,367
16497,367
15847,367
6332,368
6995,368
14424,368
17442,368
8439,368
14285,368
14637,368
9663,368
7595,368
9859,368
12065,368
7888,368
13338,368
8626,368
7611,368
8445,368
12556,368
5955,368
18273,368
6296,368
18579,368
6116,368
9920,368
8451,368
12227,368
5215,368
7184,368
13281,368
19314,368
7783,368
18658,368
14396,368
5393,368
11677,368
17720,368
13400,368
19461,368
8778,368
15623,368
16521,368
19868,368
18803,368
18188,368
13923,368
7344,368
13230,368
16506,368
7252,368
5387,368
17913,368
14063,368
18979,368
18938,368
18116,368
7505,368
10613,368
15597,368
10117,368
13890,368
9004,368
17451,368
13201,368
15206,368
12942,368
15038,368
11834,368
15015,368
5153,368
11748,368
16518,368
16314,368
5432,368
16141,368
10520,368
8849,368
9402,368
17235,368
15057,368
16529,368
11387,368
14796,368
13381,368
5830,368
12688,368
6057,368
11017,368
6742,368
10015,368
10572,368
16915,368
16876,368
16273,368
15052,368
9826,368
10886,368
13634,368
14876,368
11139,368
17362,368
8561,368
19716,369
14436,369
12316,369
8186,369
17162,369
16303,369
5682,369
4799,369
14303,369
9137,369
9963,369
6386,369
16187,369
10951,369
15671,369
19340,369
12946,369
12671,369
16783,369
19752,369
10299,370
17334,372
16497,372
18640,372
6703,372
7207,372
8497,372
7822,372
4979,372
16354,372
7293,372
9202,372
12607,372
242,373
472,373
320,373
319,373
394,373
323,373
377,373
19,373
485,373
199,373
93,373
500,373
347,373
356,373
219,373
493,373
337,373
400,373
311,373
18425,374
13440,375
14327,375
14337,375
7152,375
7484,375
18103,375
10547,375
18748,375
5900,375
12546,375
14382,375
14755,375
12423,375
11533,375
16234,375
18116,375
16512,375
10829,375
18204,375
9284,375
12446,375
13201,375
18084,375
18136,375
11298,375
19031,375
15505,375
7183,375
12227,375
17362,375
12914,375
5113,375
10909,375
6612,375
19691,375
9721,375
12247,375
7533,375
19043,375
16337,375
15673,375
5914,375
8743,375
11581,375
8647,375
5153,375
14990,375
13199,375
19908,375
16580,375
7922,375
18730,375
11067,375
18268,375
18141,375
9102,375
11906,375
6496,375
16141,375
13664,375
10214,375
15038,375
17877,375
14886,375
19267,375
9785,375
8187,375
16480,375
9249,375
7900,375
17235,375
19068,375
8228,375
10835,375
9902,375
11903,375
16687,375
6915,375
262,376
468,376
65,376
267,376
253,376
463,376
431,376
207,376
170,376
274,376
381,376
180,376
208,376
356,376
456,376
231,376
298,376
27,376
3943,377
13004,377
7846,377
519,377
3850,377
10568,377
15486,377
2009,377
13931,377
18493,377
2474,377
10580,377
15870,377
7198,378
16196,379
11104,379
12808,379
18047,379
11031,379
9323,380
4765,380
18842,380
13255,380
11859,380
10023,380
7130,380
17834,380
9584,380
17670,380
12392,380
5132,380
11858,380
12729,382
7282,382
5822,382
5177,382
19532,382
362,383
347,383
466,383
384,383
285,383
214,383
397,383
92,383
367,383
107,383
300,383
182,383
87,383
312,383
81,383
9202,384
4979,384
5430,384
7293,384
13694,384
15847,384
17334,384
12607,384
12494,384
14639,384
13788,384
17806,384
13468,384
6703,384
11446,384
16907,384
14757,384
8174,384
6105,384
7822,384
7207,384
18640,384
8497,384
16354,384
16820,384
12721,384
11771,384
17339,384
14283,384
18121,384
14134,384
15931,384
10337,384
16497,384
11953,384
12389,384
18295,384
462,385
14623,386
13813,386
13705,386
18711,386
5646,386
7765,386
17014,386
10660,386
11732,386
17174,386
11082,386
17732,386
4962,386
7793,386
11540,386
14499,386
6304,386
5108,386
18380,386
11075,386
5999,387
19636,388
19786,388
978,388
5015,388
5293,388
9210,388
2581,388
15880,388
9467,388
16367,388
803,388
4169,388
6910,388
9287,388
13724,388
17600,388
9735,388
149,388
1226,388
11086,388
5762,388
11862,388
132,388
7407,388
8234,388
4438,388
8306,388
793,388
16190,388
7091,388
278,388
7500,388
7678,388
2759,388
1528,388
4034,388
5998,388
2078,388
8242,388
1139,388
6498,388
12244,388
14997,388
11144,388
13784,388
12481,388
3626,388
13179,388
2842,388
11976,388
3099,388
2750,388
4055,388
17091,388
11505,388
15376,388
1518,388
3068,388
15119,389
17430,389
11362,389
15082,389
17569,389
15308,389
18561,389
5997,389
19811,389
7747,389
15615,389
12912,389
5099,389
9507,389
5931,389
17815,389
10690,389
5021,389
6241,389
8984,389
6364,390
17019,390
7703,390
18641,390
5247,390
12139,390
10154,390
10380,390
5548,390
9824,390
10183,390
7871,390
7393,390
9143,390
6317,390
15531,390
8552,390
8742,390
6885,390
5650,390
4798,390
5931,390
18349,390
7085,390
16704,390
15503,390
16462,390
14320,390
17638,390
4769,390
8434,390
15258,390
11396,390
16752,390
14090,390
13574,390
11769,390
11319,390
15331,390
18920,390
6643,390
8640,390
12728,390
5072,390
6782,390
18027,390
10326,390
6561,390
15762,390
19613,390
10945,390
17911,390
15227,390
13813,390
7366,390
8488,390
8517,390
7802,390
18284,390
7259,390
8585,390
18183,390
13053,390
7148,390
18790,390
15540,390
17735,390
14935,390
11747,390
15308,390
19999,390
11157,391
15290,391
3336,391
2168,391
7637,391
7848,391
7467,391
17865,391
9699,391
128,392
293,392
269,392
394,392
258,392
188,392
86,392
87,392
326,392
185,392
296,392
483,392
248,392
104,392
351,392
282,392
274,392
309,392
353,392
489,392
113,392
4,392
485,392
354,392
377,392
156,392
332,392
225,392
61,392
20,392
201,392
101,392
478,392
271,392
265,392
35,392
476,392
432,392
400,392
240,392
360,392
391,392
79,392
205,392
450,392
34,392
163,392
64,392
206,392
40,392
262,392
375,392
401,392
358,392
131,392
152,392
49,392
346,392
167,392
213,392
10,392
88,392
11565,393
16686,393
13724,393
9624,393
6796,393
18966,393
12691,393
12554,393
15678,393
11010,393
11599,393
8184,393
16952,393
9565,393
18318,393
6321,393
10155,393
18223,394
14302,395
7783,395
11288,395
14346,395
9714,395
15626,395
9450,395
10023,396
11771,397
5020,398
12867,398
16299,398
18874,398
7314,398
18888,399
11456,399
9898,399
9523,399
7796,399
19732,399
11611,399
18489,399
9922,399
19718,399
14842,399
17202,399
7686,399
6285,399
18678,399
7207,400
13468,400
18295,400
8497,400
15931,400
17334,400
16354,400
17806,400
6105,400
11771,400
15847,400
6703,400
17339,400
18121,400
14283,400
9202,400
14757,400
7293,400
16907,400
14639,400
11953,400
12494,400
14134,400
10337,400
8174,400
5430,400
18640,400
11446,400
12607,400
12721,400
13788,400
13694,400
16820,400
16497,400
7822,400
4979,400
12389,400
6558,401
9692,401
15505,401
17828,401
8998,401
8663,401
16392,401
19406,401
12429,401
13235,401
12697,401
9545,401
12024,401
11201,401
15680,401
7427,402
18772,402
13102,402
6302,402
10588,402
13793,402
12600,402
10463,402
14842,402
18935,402
4348,402
19272,403
12460,404
3087,405
9985,405
19576,405
1129,405
2085,405
2276,405
3187,405
1058,405
5623,406
15531,406
8395,406
19186,406
5974,406
5063,406
7970,406
15562,406
11742,406
18436,406
18615,406
5637,406
15615,406
8286,406
4870,406
17979,408
18445,408
19937,408
6790,408
14020,408
10539,408
14353,408
5115,408
6008,408
5072,408
16145,408
5536,408
16791,409
19779,409
14278,409
15001,409
5571,409
19296,409
11327,409
19996,409
15160,409
8631,409
17018,410
16418,410
5532,410
6889,410
10223,410
19034,410
19004,410
7176,410
15056,410
16537,410
19416,410
9755,410
18665,410
13184,410
7000,410
6941,410
11741,410
14990,410
18956,410
10795,411
5391,412
13332,412
5074,412
15127,412
15046,412
7923,412
17444,412
8144,412
5353,412
19512,412
11640,414
8979,414
5277,414
5364,414
9426,414
15914,414
12790,414
14072,414
17867,414
8736,414
11844,414
7094,414
16708,414
10773,414
14485,415
8792,415
9037,415
15067,415
10079,415
9808,415
11765,415
6282,417
11819,417
13277,417
18135,417
7265,417
10839,417
15914,417
9032,417
12038,417
73,418
470,418
65,418
5,418
413,418
402,418
208,418
445,418
414,418
86,418
351,418
433,418
127,418
387,418
241,418
134,418
2074,419
2209,419
1521,419
834,419
3466,419
2366,419
14578,419
19766,419
1516,419
1916,419
3186,419
1402,419
2669,419
13657,419
5589,419
614,419
16615,419
2963,419
15122,419
6936,419
19263,419
6024,419
12560,419
12647,419
12245,419
15162,419
782,419
17988,419
1811,419
641,419
3022,419
19576,419
2130,419
2467,419
13040,419
13974,419
3478,419
14612,419
1958,419
14371,419
640,419
1296,419
12425,419
1214,419
12106,419
862,419
3254,419
14277,419
1982,419
3475,419
2676,419
3153,419
18838,419
15183,419
3174,419
16191,419
1422,419
1372,419
14013,419
2501,419
1391,419
14131,419
1066,419
3122,419
2425,419
3380,419
1863,419
3261,419
2954,419
10147,419
1630,419
1514,419
12450,419
3409,419
543,419
820,419
5995,420
19975,420
10762,420
4971,420
11321,420
18026,420
6711,420
7321,420
7189,420
17248,420
7636,420
19515,420
5234,420
14145,420
7567,420
4959,420
16807,420
13643,421
12009,421
14980,421
5566,421
4776,421
11106,421
10004,421
11958,421
9312,421
5571,421
15160,421
17776,422
5121,422
12245,422
13216,422
6961,422
14257,422
13036,422
18815,422
15836,422
4167,422
14090,422
14829,422
12591,422
5371,422
6248,422
9604,422
5783,422
588,422
15797,422
8205,422
19134,422
14083,422
3174,422
6508,422
19655,422
16914,422
1210,422
1975,422
2741,422
19525,422
17330,422
7659,422
1095,422
10006,422
8304,422
11185,422
12314,422
4818,422
11917,422
7117,422
10288,422
2833,422
11285,422
1509,422
1685,422
4315,422
9819,422
4524,422
17591,422
13383,422
6145,422
19517,422
13525,422
4761,422
9386,422
10244,422
18176,422
14398,422
957,422
8947,422
1552,422
10463,422
18128,422
14767,422
15233,422
14571,422
15467,422
12953,422
11187,422
239,422
7079,422
8674,422
2690,422
2756,422
7485,422
13125,422
6463,422
16122,422
10249,422
14206,422
7405,422
2256,422
1804,422
15643,422
10276,422
19759,422
11249,423
7726,424
16354,425
7822,425
5430,425
6703,425
12721,425
16497,425
7293,425
12607,425
10337,425
11446,425
15931,425
6105,425
13788,425
11710,426
11026,426
9447,426
3032,426
2549,426
3260,426
1620,426
15842,426
679,426
1491,426
817,426
1671,426
1367,426
13591,426
853,426
1484,426
9496,427
10273,427
10390,427
19999,427
8573,427
12816,427
7325,427
16073,427
9513,427
18836,427
7765,427
10945,427
8136,427
15435,427
9230,427
5032,427
15793,427
16657,427
5536,427
11599,429
17863,429
9417,429
9117,429
11167,429
10287,429
8139,429
11743,429
18964,429
5935,429
15607,429
14438,429
16026,429
15437,429
9728,429
19862,429
6508,429
11624,429
15936,429
11799,429
18895,429
4950,429
17326,429
8528,429
14497,429
8847,429
12539,429
10607,429
13124,429
4883,429
18092,429
17999,429
17428,429
10784,429
6384,429
8515,429
12149,429
13330,429
19793,429
6557,429
6181,429
17062,429
5808,429
12612,429
10763,429
10178,429
6285,429
11008,429
7919,429
19731,429
8151,429
6321,429
9928,429
9898,429
19715,429
19507,429
19624,429
8755,429
6611,429
10194,429
11619,429
6358,429
16318,429
5569,429
11816,429
4852,429
17370,429
10080,429
7873,429
16847,429
16621,429
7150,429
12463,429
14630,429
9725,429
5844,429
19739,429
11456,429
14860,429
10497,429
5439,429
11233,429
8484,429
6940,429
13380,429
19778,429
19561,429
14058,429
13955,429
15138,429
5747,429
13909,429
16504,429
15163,429
12494,430
14922,431
15615,431
19060,431
17104,431
18836,431
6432,431
18018,431
6888,431
12682,431
6833,431
11980,431
11953,432
7207,432
17334,432
9202,432
15847,432
18121,432
8174,432
17339,432
16907,432
14134,432
17806,432
7293,432
18640,433
13694,433
12607,433
12721,433
12389,433
7293,433
4979,433
15931,433
10337,433
11953,433
16907,433
17334,433
14757,433
6703,433
6105,433
11446,433
16497,433
14639,433
12494,433
16354,433
18121,433
7207,433
8174,433
5430,433
14134,433
18295,433
17806,433
7822,433
17339,433
8497,433
11771,433
16820,433
13468,433
14283,433
9202,433
13788,433
15847,433
14163,435
884,435
2080,435
7005,435
2125,435
16963,435
693,435
855,435
10868,435
3065,435
2212,435
1177,435
535,435
14394,435
831,435
19150,436
11888,436
14679,436
19651,436
5389,436
8473,436
17367,436
9347,436
18383,436
5865,436
5818,436
4809,436
7013,436
17341,436
10023,436
17727,436
13169,436
10176,437
10126,437
17278,437
10113,437
14453,437
13775,437
15369,437
18635,437
17028,437
12412,437
17949,438
15116,438
11308,438
17143,438
15624,438
14221,438
6544,438
16225,438
19218,438
17034,438
17627,438
18077,438
17985,438
12195,438
12982,438
9584,438
16783,438
18590,438
18710,438
8870,438
18020,438
12846,438
5142,438
5597,438
13510,438
14338,438
13543,438
19316,438
7281,438
18778,438
18022,438
4904,438
17555,438
6204,438
14491,438
18693,438
17106,438
14046,438
13812,438
11129,438
14683,438
17895,438
5415,438
19395,438
10327,438
14121,438
16525,438
4840,438
8200,438
9391,438
13457,438
8796,438
14279,438
9754,438
7628,438
16970,438
19377,438
7588,438
9287,438
5956,438
8399,438
15942,438
15558,438
13916,438
13978,438
8712,438
18397,438
12979,438
19775,438
16671,438
12946,438
11888,438
19450,438
13985,438
10669,438
9083,438
16112,438
11615,438
19889,438
9321,438
18099,438
17027,438
6079,438
11096,438
5975,438
19914,438
13365,438
8164,438
13652,438
14950,438
17589,440
4083,440
14753,440
3207,440
1466,440
19283,440
2063,440
1263,440
15130,440
15689,440
10417,440
65,440
2853,440
3109,440
17275,440
18062,440
16838,440
15994,440
2186,440
14666,440
16265,440
12735,440
10891,440
10513,440
5744,440
9852,440
15195,440
18962,440
17601,440
16510,440
9917,440
14641,440
7669,440
5334,440
4441,440
17005,440
13492,440
9659,440
18991,440
3691,440
6823,440
6343,440
13805,440
18440,440
2520,440
19733,440
5292,440
19021,440
19888,440
12867,440
16754,440
3590,440
2181,440
7149,440
992,440
7692,440
13012,440
15221,440
952,440
16184,440
16260,440
7534,440
14733,440
19006,440
8959,440
19490,440
19892,440
5078,440
18536,440
8844,440
10815,440
4161,440
671,440
16597,440
19027,440
10495,440
9045,440
7874,440
1755,440
7934,440
7379,440
10385,440
283,441
357,441
329,441
487,441
177,441
15,441
395,441
34,441
414,441
336,441
19992,442
19424,442
12535,442
10312,442
19962,442
18219,442
8604,442
15879,442
8255,442
16579,442
17994,442
15767,442
18787,442
16813,442
9841,442
9202,443
6703,443
16820,443
16354,443
13788,443
281,444
18726,445
14738,445
14996,445
15895,445
8750,445
5795,445
12077,445
15884,445
6711,445
15403,445
9248,445
16133,446
18010,446
6750,446
19350,446
18092,446
12858,446
10041,446
12609,446
5944,446
4780,446
9614,446
11271,446
17017,446
15979,446
6075,446
10784,446
12933,446
13754,446
7610,446
18529,446
14421,446
16959,446
6503,446
14621,446
7771,446
10163,446
6932,446
19644,446
11611,446
18626,446
16127,446
18105,446
9852,446
12412,446
11302,446
14080,446
10471,446
16147,446
11763,446
9728,446
6329,446
17977,446
15905,446
13594,446
19647,446
12959,446
12029,446
6160,446
8265,446
7223,446
17224,446
8816,446
6198,446
8620,446
8151,446
14445,446
19739,446
6255,446
12481,446
12819,446
18961,446
11521,446
8575,446
8834,446
14920,446
8515,446
14438,446
13422,446
16044,446
14842,446
8841,446
10219,446
6344,446
12078,446
16195,446
11999,446
5209,446
7564,446
7842,446
20000,446
15846,446
12725,446
6252,446
5481,446
18932,446
9556,446
8142,446
8569,446
16833,446
19479,446
12660,446
15654,446
19133,446
16749,446
17863,446
19564,446
11348,446
17769,446
16827,446
13087,448
19210,448
12302,448
11891,448
12981,448
18057,448
11682,448
16625,448
17757,448
16134,448
17371,448
17696,448
15164,448
7385,448
8595,448
6558,448
8336,449
6096,449
13548,449
15541,449
10803,449
9087,449
16715,449
8793,449
12680,449
8460,449
5814,449
11983,450
12946,450
8758,450
10046,450
16812,450
19710,450
12760,450
17118,450
10677,450
14107,450
13929,450
16478,450
16667,450
16413,450
294,451
383,451
389,451
414,451
183,451
94,451
285,451
5,451
488,451
223,451
18,451
47,451
207,451
205,451
257,451
426,451
208,451
348,451
75,451
339,451
322,451
14,451
186,451
403,451
254,451
499,451
37,451
206,451
102,451
315,451
125,451
142,451
466,451
127,451
347,451
30,451
479,451
188,451
139,451
500,451
391,451
146,451
366,451
365,451
461,451
376,451
64,451
440,451
122,451
281,451
35,451
361,451
406,451
367,451
486,451
478,451
62,451
268,451
133,451
297,451
184,451
278,451
498,451
253,451
28,451
457,451
317,451
298,451
95,451
65,451
84,451
443,451
237,451
197,451
171,451
54,451
283,451
114,451
112,451
66,451
473,451
1025,452
5213,452
11933,452
2561,452
669,452
2681,452
6720,452
19989,453
9170,456
19512,456
15805,456
14944,456
15005,456
19808,456
7103,456
12339,456
1722,457
3294,457
1773,457
1364,457
1783,457
632,457
792,457
15697,457
18638,457
824,457
3215,457
11760,457
1570,457
3161,457
19455,457
1051,457
1875,457
2664,457
1223,457
2245,457
11885,458
11202,458
11257,458
15126,458
13976,458
17889,459
6463,459
12281,459
9160,459
10233,459
18367,459
18434,459
12839,459
5200,459
8462,459
13127,459
7889,459
19986,459
5940,459
13843,459
8505,459
18857,459
5599,459
12705,459
6401,459
18368,459
9136,459
15057,459
15962,459
5185,459
18696,459
8994,459
10110,459
18908,459
6010,459
18240,459
14337,459
13440,459
14984,459
5511,459
11007,459
6011,459
10350,459
19908,459
8188,459
7326,459
14613,459
8555,459
16670,459
7434,459
12101,459
19034,459
16479,459
17618,459
16273,459
19405,459
17675,459
4884,459
18364,459
13068,459
11268,459
14999,459
18126,459
8650,459
15543,459
15514,459
13024,459
10973,459
7274,459
9676,459
13912,459
13305,459
16076,459
18006,459
13489,459
14259,459
5873,459
18583,459
8876,459
18059,459
6424,459
13533,459
10647,459
19844,459
17720,459
6171,459
8807,459
13770,459
19893,459
11311,459
7791,459
18692,459
6753,459
6336,459
18263,459
17657,459
9859,459
11288,460
16801,460
17540,460
9193,460
10416,460
9721,460
15459,460
9878,460
13305,460
15368,460
12343,460
15962,460
9959,460
5837,460
13641,460
14452,460
14302,460
17267,460
19406,460
13827,460
10317,460
5066,460
6958,460
17415,460
8849,460
10909,460
17018,460
11376,460
7188,460
17420,460
15064,460
5246,460
13890,460
16944,460
14644,460
6158,460
15994,460
7386,460
12513,460
11682,460
8062,460
9927,460
18073,460
8394,460
14665,460
11748,460
17890,460
8664,460
9549,460
4779,460
5422,460
8686,460
13202,460
19031,460
10063,460
17362,460
6680,460
18803,460
6080,460
15648,460
19416,460
11711,460
16100,460
13276,460
9785,460
6474,460
7263,460
5395,460
18341,460
15023,460
19854,460
17618,460
14864,460
5534,460
10214,460
9687,460
10852,460
14715,460
10455,460
18453,460
18707,460
6662,460
16464,460
16456,460
15808,460
17260,460
18554,461
16493,461
18934,461
7827,461
7962,461
13191,461
14538,461
7346,461
13030,463
9149,463
17911,463
10530,463
18228,463
14922,463
18836,463
13389,463
14858,463
15412,463
16715,463
18506,463
7747,463
13598,463
12204,463
13416,463
13727,463
14144,463
5108,463
12139,463
15308,463
10998,463
7694,463
16688,463
9880,463
8718,463
7259,463
13018,463
10410,463
10660,463
4880,463
15531,463
12066,463
8573,463
19622,463
6310,463
15199,463
13278,463
7703,463
19848,463
16663,463
18957,463
9365,463
5895,463
11865,463
14473,463
8782,463
15256,463
5033,463
10671,463
18018,463
13414,463
19040,463
10326,464
8901,465
10058,465
6918,465
13702,465
3487,465
16114,465
5177,466
17224,467
5461,468
10796,468
740,468
17071,468
19583,468
8366,468
13257,468
4928,468
13659,468
16676,468
2203,468
809,468
12182,468
17504,469
19943,469
13888,469
4968,469
5326,469
13863,470
5540,470
6273,470
11807,470
18641,470
14973,470
7689,470
11396,470
17019,470
14177,470
15698,470
18724,470
4836,470
18985,470
17915,470
9720,470
11405,470
10919,470
12203,470
3288,471
1598,471
1835,471
11127,471
1903,471
566,471
2249,471
19839,471
5248,471
1718,471
16131,471
790,471
1707,471
3401,471
12615,471
17264,471
5213,471
597,471
9498,471
1692,471
2804,471
16103,471
3318,471
6588,471
2839,471
1014,471
10395,471
13074,471
1998,471
2957,471
14669,471
3195,471
2840,471
1940,471
5412,471
2707,471
2887,471
1201,471
12159,471
935,471
972,471
2691,471
17483,471
2780,471
2808,471
3373,471
3038,471
506,471
2684,471
2175,471
17365,471
2513,471
1222,471
1860,471
19633,471
1901,471
2494,471
19343,471
3121,471
5065,471
2999,471
1753,471
3191,471
2480,471
2483,471
4797,471
826,471
2890,471
1095,471
6015,472
11654,472
19270,472
12862,472
18043,472
14954,472
14865,472
14172,472
16666,472
8879,472
7743,472
19012,472
7324,472
17723,472
9406,472
8134,472
1560,473
2970,473
1067,473
1375,473
3124,473
19191,473
1428,473
19913,474
11888,474
16413,474
10235,474
16999,474
9508,474
12974,474
7364,474
11517,474
12968,476
7710,476
9625,476
5256,476
5893,476
7089,476
14714,477
13277,477
12720,477
11041,477
19399,477
15954,477
11205,477
7473,477
10968,477
16293,477
8488,478
12073,478
14043,478
12816,478
10998,478
5960,478
6009,478
18487,478
7818,478
15412,478
6827,478
6395,478
16647,478
16294,478
5485,478
12918,478
14847,478
16354,479
19415,480
17280,480
7740,480
19908,480
15428,480
17508,480
18857,480
12348,480
15751,480
11264,480
5352,480
10879,480
17053,480
11196,480
14596,480
4734,480
9396,480
13827,480
13556,480
9855,480
10520,480
11646,480
15262,480
19662,480
7446,480
11820,480
12241,480
14715,480
15876,480
19440,480
17474,480
16100,480
16598,480
15519,480
18550,480
4957,480
7915,480
8435,480
5006,480
7122,480
7922,480
6930,480
18582,480
15843,480
10736,480
6826,480
16085,480
16271,480
4822,480
4825,480
18116,480
10831,480
14264,480
10548,480
10368,480
6562,480
4865,480
11651,480
12282,480
18835,480
11201,480
13141,480
13875,480
8559,480
18082,480
5114,480
9836,480
14594,480
9714,480
7853,480
11542,480
8203,480
11772,480
6974,480
7118,480
13230,480
18059,480
9663,480
8587,480
7611,480
9286,480
12278,480
19585,480
6693,480
16201,480
8605,480
7900,480
10852,480
8512,480
6699,480
13201,480
10915,480
13145,480
7749,480
17720,480
6465,480
10483,480
6558,480
18841,480
5543,480
10155,483
16442,483
17316,483
18245,483
18390,483
9349,483
19441,483
5728,483
8841,483
18654,483
11375,483
18629,483
11991,483
10906,483
12881,483
4913,483
10553,483
19213,483
5433,483
14955,484
13822,484
5031,484
15835,484
19536,484
12028,484
19224,484
8758,484
10593,484
12372,484
17162,484
17522,484
12414,484
10612,484
17240,484
13298,484
19027,484
17071,485
5593,485
19487,485
19149,485
7638,485
5020,485
18823,485
6911,485
6038,485
15483,485
13346,485
11983,485
13972,485
12392,485
17079,485
5150,485
16862,485
7431,485
16119,485
15474,485
14038,487
19332,487
11688,487
4842,487
16719,487
10716,487
17950,487
7359,487
16023,487
6198,487
7269,487
17745,487
19961,488
10550,488
16073,488
5719,488
8593,488
7120,488
19181,488
16055,488
5726,488
11061,489
13879,490
15264,490
18204,490
16506,490
15784,490
16444,490
5959,490
17181,490
14875,490
7374,490
6832,490
16932,490
19198,490
10290,490
17048,490
16509,491
13712,491
18086,491
16123,491
15667,491
9651,491
8997,491
9749,491
8395,491
18296,491
9939,491
5675,491
9171,491
19759,491
17551,492
5957,492
8993,492
19542,492
5572,492
6155,492
16821,492
9270,492
15654,492
8698,492
7070,492
4842,492
17113,492
9536,492
8629,492
12706,492
7633,492
16023,492
6358,492
2167,493
3224,493
2898,493
12483,493
2409,493
1100,493
2880,493
19259,493
1569,493
2635,493
3017,493
2900,493
11392,493
9988,493
2852,493
2543,493
3391,493
3108,493
1920,493
802,493
1529,493
566,493
3319,493
1757,493
2698,493
2036,493
11687,493
1712,493
1008,493
17752,493
1979,493
754,493
2688,493
15794,493
1421,493
16942,493
11874,493
1744,493
3261,493
4856,493
889,493
2825,493
17557,493
768,493
2019,493
667,493
2075,493
1158,493
2671,493
1553,493
2994,493
10394,493
2406,493
2395,493
1312,493
2004,493
16327,493
1326,493
10185,493
1456,493
19829,493
850,493
2776,493
783,493
3419,493
3121,493
17831,493
532,493
5002,493
3243,493
11761,493
1911,493
2102,493
2529,493
2826,494
3311,495
1020,495
2736,495
1112,495
17499,495
19692,495
9452,495
2461,495
3470,495
1830,495
3066,495
19096,495
728,495
14552,495
3446,495
1471,495
2397,495
3145,495
19121,495
1562,495
2839,495
2726,495
1002,495
12453,495
3100,495
1311,495
19852,495
9988,495
2463,495
3299,495
12468,495
2954,495
2783,495
2084,495
720,495
16443,495
3070,495
669,495
2344,495
14812,495
18302,495
2506,495
18495,495
2749,495
1006,495
3337,495
1591,495
1134,495
566,495
740,495
3335,495
976,495
665,495
3135,495
2251,495
1699,495
1655,495
8747,495
2646,495
1089,495
3098,495
16943,495
12254,495
2350,495
2872,495
13568,495
763,495
1621,495
1895,495
2641,495
18447,495
2494,495
729,495
13101,495
2854,495
2983,495
1879,495
13437,495
1044,495
6123,495
2052,495
13466,495
2169,495
13355,495
2318,495
11020,495
5535,495
3381,495
9843,496
8561,496
18263,496
16100,496
5141,496
12247,496
9249,496
19608,496
19072,496
10831,496
18605,496
8489,496
17177,496
14527,496
8827,497
4853,497
18027,497
7788,497
19227,497
12504,497
15401,497
4823,497
17325,497
19593,497
9332,499
18262,499
9915,499
12204,499
18630,499
7139,499
19310,499
13273,499
10420,499
18296,499
16759,499
8227,499
9901,499
14224,499
7723,499
9643,499
11159,499
13323,499
11420,499
11128,499
11251,499
15020,499
12346,499
10343,499
16955,499
8364,499
14473,499
19092,499
5997,499
8013,499
13952,499
18701,499
16137,499
9410,499
13915,499
11220,499
16746,499
15279,499
10999,499
14322,499
8336,499
13712,499
15732,499
16945,499
17067,499
15791,499
15762,499
16953,499
7846,499
17090,499
18137,499
478,500
54,500
34,500
452,500
404,500
89,500
171,500
84,500
487,500
389,500
409,500
419,500
213,500
469,500
323,500
81,500
