EVid,Eid
76,13815
156,7981
251,9048
255,15769
314,8746
181,6962
272,11323
316,15528
11,12438
471,18749
477,5539
33,19998
326,9523
108,12286
82,6276
413,11526
293,18082
497,6197
262,17219
295,15876
441,15337
283,11940
171,17133
72,12308
412,19120
269,6723
91,13368
111,17961
423,19312
219,11729
461,9739
305,4842
170,16829
304,6259
240,6236
251,10057
444,19398
296,15261
432,8564
310,11294
69,16098
145,17322
65,11716
76,8701
198,6497
432,9174
156,18028
259,12594
453,8505
111,5676
37,19902
93,4808
412,11250
198,13648
247,10283
237,7966
89,5440
126,13331
11,14631
224,14140
73,5976
310,15970
89,7833
401,7942
193,4966
499,17536
93,15214
72,11428
179,11360
181,5797
182,12684
378,7286
53,6844
305,14623
157,19368
14,11904
476,9619
403,9776
313,9239
37,8381
243,13692
89,13145
68,12626
396,7844
185,10086
479,19998
169,12476
69,15791
320,11211
288,15911
394,14504
448,17299
305,18398
295,8955
210,4747
369,11127
213,13593
185,17393
259,16385
32,9942
404,8982
429,16807
126,9477
490,10558
208,16192
444,7336
243,8572
171,5255
391,12135
357,17124
293,19663
477,10545
448,9237
370,16691
283,6672
288,18783
301,11021
35,13650
288,19349
273,10229
169,10137
432,18535
44,19054
271,17074
196,13878
299,7519
202,14107
414,9842
339,19810
224,18781
137,8360
259,16809
73,11341
417,14460
357,6311
442,16838
83,7722
72,17270
295,9073
287,16247
341,17390
374,16970
481,6816
392,19634
465,9974
44,12042
405,6549
223,11756
448,5393
315,4704
446,9014
113,17633
185,11483
340,8920
298,11548
80,9873
35,10758
295,18205
236,8626
464,6960
35,16393
405,18641
68,14006
299,8647
183,9583
158,17440
191,18644
208,11908
163,11214
341,13263
409,19432
217,8794
178,16374
47,19783
114,14337
40,4827
213,18246
66,5128
412,4984
444,12115
198,9814
80,5105
91,7725
307,11441
167,4722
99,13034
145,13818
392,19021
45,17578
296,11078
314,13589
74,17055
314,18063
156,7580
191,16470
327,15626
448,12529
341,17502
258,18442
156,5448
330,6654
231,18967
471,18436
459,13474
309,7431
495,18100
14,7473
42,14525
317,9281
58,11020
15,6900
354,10338
233,4875
403,6931
162,14416
449,12358
91,13421
489,9232
476,11578
366,9395
283,7458
379,12716
414,16937
65,11876
272,6401
169,12765
48,10645
310,9619
228,17666
163,6056
432,19557
382,6725
145,14279
135,17577
392,12845
214,19900
305,4759
343,6191
163,7735
495,13272
259,14264
413,16310
374,8385
87,10657
228,9679
310,16829
141,10916
42,8729
214,9412
196,13802
24,8244
468,13784
137,7055
320,10224
385,6591
111,16591
40,10132
98,13185
405,9793
214,8873
492,18773
489,13984
480,13171
32,5408
164,12346
165,5748
264,5212
78,13645
180,18763
180,14711
143,15787
244,12184
155,11020
289,14701
187,10716
76,7723
158,6916
283,15874
303,12219
190,10857
432,15095
294,10713
305,15883
299,13589
262,16262
45,5571
224,8898
240,18980
169,18895
278,6248
14,11058
392,10056
191,5917
182,7021
156,8309
392,19637
256,14211
498,8099
198,13563
274,4790
339,4803
22,8886
105,7665
180,12154
227,16079
335,13182
310,11590
157,13288
37,14745
107,17609
145,19974
219,9847
473,8607
259,19415
218,14369
441,19357
340,10912
327,11527
277,9945
23,5622
83,12622
95,9248
113,14460
461,6562
262,13357
117,15535
11,19683
156,8225
294,16648
399,16858
327,12904
67,14983
69,8856
88,13099
381,18231
237,18048
401,16032
79,14854
214,11187
447,19031
434,17557
30,17592
451,12231
498,12645
108,15629
123,14452
297,5031
314,18417
68,10752
188,10758
42,11040
65,6370
69,17126
40,12913
91,12811
271,13888
14,14163
122,16760
467,18586
288,11258
499,14692
284,13411
354,5126
115,10394
69,16590
35,15356
411,6573
346,6140
68,18741
460,11946
183,13347
239,13002
328,18912
183,13912
323,19889
354,8494
38,13650
233,11814
326,12640
470,13647
330,15193
183,15985
92,5487
241,14766
11,10998
357,15823
380,8382
351,18527
23,5334
62,11190
399,8901
441,16606
26,14030
183,4994
183,18890
37,6549
149,12136
88,11439
391,18576
448,17450
221,11369
206,19808
157,13666
323,6244
441,7510
185,9384
314,15060
470,9079
365,9401
183,14815
22,5290
178,7273
297,17146
73,19755
91,17033
169,6613
80,19539
108,15036
490,12062
233,11742
412,7990
22,19618
124,8376
154,9168
188,12809
46,13006
240,17264
235,14113
228,18998
394,15277
22,16677
213,11073
186,15524
76,10398
259,9801
198,7770
328,9455
137,5128
126,10741
498,18733
62,18881
297,18661
465,11359
73,15885
439,16531
444,19396
180,8934
432,16928
499,11613
285,13137
346,14031
58,14565
71,9442
71,12589
126,6152
403,13598
26,12946
374,15510
251,8130
357,17258
346,11587
137,6259
441,8851
255,6216
370,15522
111,8209
255,17675
67,17049
15,19923
271,5930
70,11680
70,12961
480,13466
357,17764
11,4973
490,5564
485,13052
376,7244
132,9631
236,15769
68,8003
203,13411
258,15914
379,16708
448,16094
66,13992
303,11581
180,5590
129,12010
262,14266
108,19473
13,14745
91,6087
500,19656
252,11595
27,6731
20,9797
301,15863
333,13821
126,6366
371,17611
181,11359
490,6540
296,12448
156,8589
103,18618
202,16755
313,11186
310,5290
364,8838
326,11327
381,5165
377,15178
230,15021
228,12150
180,15423
180,11158
264,11559
362,10512
238,5428
271,8318
233,18454
23,12878
43,7444
73,7825
183,8457
394,17571
456,14293
37,18504
391,19806
295,9861
441,18240
219,14763
69,9447
69,15381
70,18908
42,8955
37,9491
283,6733
244,14078
283,4844
422,9436
126,18257
296,6798
89,18270
357,11906
413,15192
262,16806
236,13409
303,18564
244,10519
208,19160
326,16518
83,12061
243,13901
66,13769
462,7567
409,9318
83,13421
490,11983
62,10137
486,16849
180,11560
251,15795
259,18346
429,15492
235,18004
71,9346
432,5960
352,6815
255,12531
34,5927
126,19577
419,15721
243,14020
436,14254
299,17382
243,10211
70,12169
271,8544
113,9323
477,16476
79,12528
448,9408
119,14961
66,9649
121,7701
68,13314
163,19802
308,18150
295,9572
233,18874
230,11349
317,6578
110,17141
45,15880
441,12899
399,15960
374,8302
343,18152
285,10614
397,16060
305,14368
403,6279
148,7616
231,8656
432,15220
337,18169
490,14198
202,17007
414,15525
283,7724
41,15726
208,10728
321,15596
377,10688
208,14827
429,15177
158,8457
328,9905
232,16103
374,16117
335,6911
288,17067
158,12421
208,12280
43,18091
40,14770
327,18711
380,10849
283,6798
191,14848
73,6564
382,10073
374,8268
126,19787
213,13423
416,8643
71,6275
228,18378
327,17487
335,13592
92,17040
288,12486
22,18364
372,19259
35,12271
235,16707
483,15832
163,17109
488,11996
490,10289
471,19055
32,9810
187,15871
40,10267
228,7622
178,9475
185,13649
152,6635
88,11874
346,11618
76,8963
331,17822
247,17794
68,16434
61,19809
294,12183
255,17363
219,7846
99,15989
341,17251
69,13886
457,17338
158,16805
224,12161
198,7050
22,6176
331,18206
432,15879
121,8014
219,14330
183,6327
468,5836
244,19503
490,16885
91,11322
213,16498
459,16987
349,14965
441,7992
103,9938
218,15013
248,7021
441,16881
322,10408
489,15104
399,6595
500,19208
465,11944
491,7653
114,10469
271,10457
343,14574
143,13155
448,10779
423,18437
397,9954
83,18510
298,14520
35,10977
158,18506
481,14177
347,11722
126,7658
496,13530
208,11057
296,8098
251,7894
291,13319
52,17692
498,5603
88,6650
496,11419
131,18313
292,18945
444,8914
405,5521
327,9436
405,6855
228,5437
91,17201
45,17435
401,11529
283,16109
296,16051
255,7621
40,13379
218,7307
297,6557
297,11460
159,10229
348,7391
200,10717
258,13036
205,12948
305,8231
218,19006
196,15812
395,13757
213,10312
305,10093
340,6300
259,11732
244,19976
68,14210
403,7013
14,18499
311,5423
158,17656
76,5697
82,16237
414,11641
354,11008
121,19208
136,16201
89,5118
366,9949
198,15369
88,17522
296,13430
239,16886
179,19459
317,10396
343,18038
64,13986
182,10894
299,13368
401,11272
459,18446
444,9327
69,6100
83,7440
296,7370
498,8168
255,12835
357,4874
453,14369
441,8822
295,15503
29,5301
115,14730
464,9314
166,9224
11,13690
467,7812
26,19981
88,14196
263,8900
104,13767
230,13265
181,19610
163,15064
11,13500
387,16378
38,11002
283,16014
343,11468
259,6562
163,12589
283,7962
208,11854
388,18003
72,6896
478,10522
482,9615
289,9834
187,7979
365,11940
368,18934
444,8884
64,9421
103,12555
234,19559
299,9538
341,14011
164,18486
311,14357
67,7669
432,12580
500,5006
248,12206
203,8595
32,19006
271,18517
403,15582
111,12154
208,12620
65,10632
208,17101
381,6120
401,6370
474,5665
401,12213
447,7845
453,13346
500,15647
183,16744
449,11315
282,16947
444,6747
295,10401
201,12593
70,9855
38,10249
310,15666
14,7319
69,14818
11,6742
326,12311
327,18383
14,18914
468,15444
138,19436
343,10786
198,16295
62,19537
35,10502
264,11001
82,5044
444,7626
45,4823
497,13576
160,18994
392,8396
345,13347
91,12205
208,9403
187,15557
454,11314
22,8141
357,10972
461,6273
23,19723
433,18338
405,11650
233,8072
454,8907
483,5952
40,9057
365,5213
132,14470
389,18353
363,11700
499,10664
181,12553
343,13087
488,11415
374,10387
465,6625
208,4896
32,6083
464,13089
379,6191
13,18019
22,14229
47,8785
189,14131
464,9475
403,13273
187,19662
301,11935
165,11696
35,19472
401,14413
470,5854
67,15327
32,5276
177,18268
87,18912
82,7657
490,14721
255,4786
203,19770
83,15870
18,11770
311,17074
271,11822
94,15652
480,4993
247,19484
291,11489
83,7865
365,8158
22,10420
448,12038
420,16867
498,14801
448,6470
303,19405
254,7167
454,11722
296,11023
440,18846
72,8064
258,18132
316,7128
224,8642
377,19879
68,8819
126,19264
177,14302
150,9714
245,16327
499,12746
322,11286
277,19265
417,5864
271,8630
30,14236
17,14294
28,10915
378,10836
21,17152
191,12705
83,17673
384,16344
40,7703
297,9974
45,18047
257,8814
42,8446
473,11153
478,8476
26,13271
103,12269
378,18835
95,5632
368,10990
381,4932
30,9456
130,14743
222,7604
93,6386
48,9699
147,9081
405,15909
208,9775
396,13376
343,12908
150,18938
313,16703
365,8760
182,6883
235,9971
394,13053
346,8434
493,7899
331,18597
311,17527
